label,name,sequence
PCLA_5938469,WP_012842898.1,MMGRPVVIGIAGGSGSGKTTVLRRIVEAFGPDRIAVLEHD
PCLA_5983052,WP_020557791.1,MSYTEVPGARVPIRMWTDPAAVEGQAMQQLRNITTLPWLH
PCLA_5983052,WP_005204253.1,MSVVEQINQQAQSEQEQQQRAYQVLKDETSMPVKMWTNGV
PCLA_5938469,WP_004340202.1,MDDKITIIGIAGGTGSGKSTVVRKIVETLPPHFVAVVPLD
PCLA_5983052,WP_015173167.1,MPHEPLNITTPAPVLSWASHGLGHAETQMAKNVASLPFVF
PCLA_5983052,WP_007393839.1,MGIQLILNENEKHGVPVKVYTKDIAPEAIEQLRNMAKLEF
PCLA_5938469,WP_019150400.1,MNVTVIGVAGGTGSGKSTLVKRLQEAFVGDDVVTLCHDYY
PCLA_5938469,WP_016425243.1,MATTIIGIAGGSGSGKTSVTNEIMNNLEGHSVALMEQDYY
PCLA_5983052,WP_013152450.1,MPYTEVSGERVPIRMWAAPDEVEAAAMEQLRNVTRVPWVH
PCLA_5938469,WP_009324098.1,MESFIIGIAGGTGSGKTTLTKRLKERFGDDVSVISHDNYY
PCLA_5983052,WP_005288859.1,MGIQKILNADATYGVPVKIFTNDIDSESIEQLKKMAQLQF
PCLA_5983052,WP_014144158.1,MSADESAPYVVSGGRVPIRMWTDPASVEDVALRQLRDTAT
PCLA_5938469,WP_011921531.1,MLIIGIAGGTGSGKTTVVHQIMNELPDTEVGVISQDSYYK
PCLA_5983052,WP_015816822.1,MEQQAYEVMQSEGVPIKSWTLGVPFEEGAKEQLRKLAGMP
PCLA_5938469,WP_014079876.1,MNTILIGIAGGTGSGKTTLADKLIDSFGDDEVSILRHDNY
PCLA_5983052,WP_006138933.1,MGDGMSYVEVPGAKVPIRMWTDPASVEDAAMGQLRNVATL
PCLA_5983052,WP_017482166.1,MGIQKILNKEAHYGVPVKIFTQDIDSESIEQLKKMAQLQF
PCLA_5938469,WP_004822772.1,MREPIIIGIAGGSGSGKSTVTNELVSMLDTERVTVIEEDS
PCLA_5938469,WP_009161757.1,MNKTTIIGIAGGTGSGKTTVVNKIVEALPPHYVAVVPLDS
PCLA_5938469,WP_005586041.1,MDKGLLIGIAGGTGSGKSTVSKEILKSIHRQNVVIIEQDS
PCLA_5938469,WP_004792201.1,MAKIIGISGGSGSGKTTVVSKISEFIPEFVLISQDNYYKS
PCLA_5983052,WP_005369673.1,MPSQNYQVLQEDQGKPIKLWAQGVPVDDAAKKQLLNMARM
PCLA_5938469,WP_015392685.1,MQDVMVIGIAGGSGSGKTTLAQNIKEVFNDEIVILCHDYY
PCLA_5938469,WP_016200257.1,MLVIGIAGGTGSGKTTVVNKILQQLNIEGVNVLSQDNYYL
PCLA_5938469,WP_013617380.1,MIIIGIAGGTGSGKTTVVKSIIDSLPADEVALLPLDSYYK
PCLA_5983052,WP_015218967.1,MAYKPLTLSTPKPVLSWAGHDLASQEMQMAKNVASLPFVF
PCLA_5938469,WP_005843939.1,MDKITIIGIAGGTGSGKTTVVKKIVQALPPHYVAVVPQDS
PCLA_5983052,WP_006546254.1,MSSNEKPLFPVPLHGTKANTLIWTDPYTIDIETAAQIRMM
PCLA_5938469,WP_007898320.1,MTNNKITIIGIAGGTGSGKTTVVKKIVEALPPHHVAVVPL
PCLA_5983052,WP_016924151.1,MPYQELTFAQAAPVLTWANHDLGYAETAMAKNVASLPFVY
PCLA_5983052,WP_018823505.1,MQIMTYAVLPATRAPVRVWTDPYSIELQAAQQLRNIGTLP
PCLA_5983052,WP_018568210.1,MSYVEMPGAKVPIRLWTDPASVEDVALRQLQNVATLPWIK
PCLA_5938469,WP_003369232.1,MQDIMVIGIAGGTGSGKTTLSLNIKEEFGDDVVILSHDYY
PCLA_5983052,WP_010590258.1,MYIKAYINYFVFYKKLAHSLQKYKHTISLGSCEYHLPANA
PCLA_5983052,WP_015205304.1,MPYKPLNLSTPVPILSWANHELGHQEIKMAKNTASLPFVF
PCLA_5983052,WP_007195761.1,MTIKQVITEGDKPVKVWTEELDERSRTQLVNLSKLPFIHR
PCLA_5938469,WP_002561817.1,MLIIGIAGGTGSGKTTVVRKIIESLPAGEVVLLPQDSYYK
PCLA_5983052,WP_012786660.1,MYTTVPGSTEHSSPIRMWADPESVEPQALEQLRNVAALPW
PCLA_5983052,WP_005520866.1,MHHPFGLPETLPGTHAPARIWAPLVDVDHAAQRQIRAVAD
PCLA_5938469,WP_008671116.1,MIIIGIAGGTGSGKTTVVRKIIESLPPGSVAVIPQDSYYN
PCLA_5983052,WP_018221319.1,MQIMTYAVLPATRAPVRVWTDPYSIEPQAAQQLRNIGTLP
PCLA_5983052,WP_019358639.1,MTHVEMPGARVPIRMWADPGAVEDVALRQLQNVATLPWIK
PCLA_5983052,WP_018489238.1,MSYVEVPGAKVPIRMWTDPASVEDVAMQQLRNVSTLPWIK
PCLA_5983052,WP_006061935.1,MWSPLYDVDHTAQQQIRNASLLPWVHGVAVMPDVHAGAGV
PCLA_5983052,WP_017309373.1,MPYEELEISTASPVLSWANHPLGSEETKMAKNVASLPFVF
PCLA_5938469,WP_002446596.1,MNQTTIIGIAGGSGSGKTTVTNAIMKNLEGHSVALLAQDY
PCLA_5983052,WP_020157684.1,MPIKRIMTKGKVPVKIYTDDIEHEAMQQLYNLSQMPFVHS
PCLA_5938469,WP_009270296.1,MKKTILIGIAGGSASGKTSISAQLKEHYEDTNSVVIIRQD
PCLA_5938469,WP_008446776.1,MKKITIIGIAGGTGSGKSTVVRKIVEALPPDYVAVVPLDS
PCLA_5983052,WP_020559950.1,MTITGNYEVLYEEGHAPIKSWTKNVPFDDNSKRQLLNIAK
PCLA_5938469,WP_007754428.1,MLIIGIAGGTGSGKTTVVRKIIESLPTGEVVLLPQDSYYK
PCLA_5983052,WP_010343479.1,MNTEQYEVIAQPGAAPIKLWTRGVPLEDEARQQLQNIAKL
PCLA_5938469,WP_013970111.1,MSDCKVIGICGGSGSGKTTIVRKISELFSDFVFLAQDNYY
PCLA_5938469,WP_003538113.1,MKKPVIIGIAGGSASGKTSIAQELYDCFKGRHTIRIIKLD
PCLA_5983052,WP_017400270.1,MGIQKILNKEALYGVPVKIFTQDIDSESIEQLKKMAQLQF
PCLA_5983052,WP_008941681.1,MPIRTPNKIRENLMGTQKILNADAQYGVPVKIFTRDIDQE
PCLA_5983052,WP_011763816.1,MAIQLTLNKGRVPIKLWTRDIEHEALQQLVNLSQLPIVDH
PCLA_5938469,WP_009641529.1,MLLIGITGGTGCGKTTVVNQIVQEIPPGEVSVISQDAYYR
PCLA_5983052,WP_008993085.1,MTETMYDYQHVEGGVPIKMWTRGVPVEDGARAQLARAAQM
PCLA_5938469,WP_008727779.1,MKKTILIGIAGGSASGKTSISAQLKEHYEDTNSVVIIRQD
PCLA_5938469,WP_009460830.1,MKTVIIGIAGGSGSGKSTFTNRLKAAFKNQLTVIYHDNYY
PCLA_5938469,WP_013548524.1,MLIIGIAGGTGSGKTTVVRKIIESLPNGEVVLLPQDSYYK
PCLA_5983052,WP_007383845.1,MSYVEMPGAKVPIRMWTDPATVEDVALQQLRNVATLPWIK
PCLA_5983052,WP_020159350.1,MNQQNYEVTQIAGGVPIKSWTRGVHFEEEARQQLINLSRL
PCLA_5938469,WP_020219751.1,MATTIIGIAGGSGSGKTSVTNKIMNNLEGHSVALIEQDYY
PCLA_5938469,WP_014031586.1,MLILGIAGGTGCGKTTVVNQIVEQLPENEVGVISQDSYYN
PCLA_5983052,WP_010226113.1,MFTLTGTAAPVRLWTDPESVEPGALTQLRNCAALPWTHGV
PCLA_5983052,WP_007280129.1,MNFNVLSDEKGRGLVKAWTKGVPFEPEAEKQVRKAAQMPF
PCLA_5983052,WP_019532187.1,MSYAILPGTRAPVRVWTDPHGIEPQAARQLRNIGTLPWVQ
PCLA_5983052,WP_019457531.1,MGIQKILNEEALYGVPVKIFTQDIDSESIEQLKKMAQLQF
PCLA_5983052,WP_017604343.1,MSHTEIPGERVPIRMWADPDQVEPAAMEQLRNVTRMPWTH
PCLA_5983052,WP_018254396.1,MTYAVLPATRAPVRVWTDPYRIEPQAAQQLRNIGTLPWVQ
PCLA_5938469,WP_002845468.1,MRGEFMKPVIIGIAGGTGSGKSTIANKLIETFKENEISIL
PCLA_5983052,WP_012852615.1,MPYRTLRSGHVPIRMWADPAEVEPAALDQLRNVAELPWVH
PCLA_5983052,WP_016825138.1,MSYVELPGAKVPIRLWTDPATVEEGALQQLRNVATLPWIK
PCLA_5938469,WP_006987272.1,MLIIGIAGGTGSGKTTVVRQIMDEMKNEEVDVISQDSYYQ
PCLA_5983052,WP_018908264.1,MSYAILPGTRAPVRVWTDPHGIEPQAARQLRNIGTLPWVQ
PCLA_5983052,WP_005309737.1,MGTQKILNEEALYGVPVKIFTQDIDSESIEQLKKMAKLQF
PCLA_5983052,WP_017654250.1,MPYEKLEITTPAPVLSWANHPLGHDEIKMAKNVASLPFVF
PCLA_5938469,WP_020252189.1,MKKNIIIGIAGGTGSGKTTLAERIIEELNEPNVFIIKQDA
PCLA_5938469,WP_005921505.1,MNNLIIGIAGGSGSGKTTLALRLKERFEEDEVRLISHDSY
PCLA_5938469,WP_018463666.1,MDDKITIIGIAGGTGSGKTTVVRKIVEALPPHYVAVVPLD
PCLA_5938469,WP_004361517.1,MKDKITIIGIAGGTGSGKTTVVKKIVESLPPHYVAVVPLD
PCLA_5938469,WP_007135539.1,MNCELNKITIIGIAGGTGSGKTTVVKKIVEALPPHYVAVV
PCLA_5983052,WP_020130054.1,MSYVELPGAKVPIRMWADPASVEEGALQQLRNVATLPWIK
PCLA_5983052,WP_017544729.1,MPYTEVPGDLVPIRMWADPEEVEPAAMDQLRNVTSMPWTH
PCLA_5983052,WP_009519721.1,MGIQKILNEEAQYGVPVKIFTQDIDSESIEQLKKMAQLQF
PCLA_5938469,WP_000905419.1,MLIIGIAGGSGAGKTTLSQLILEKTGGYGIAVISQDNYYF
PCLA_5983052,WP_012264780.1,MAYETLDISTPTPILSWAGHELGPQETQMAKNVASLPFVY
PCLA_5938469,WP_004584715.1,MIMNTTIIGVAGGSASGKSTLVKKLCEAFVEEDVLVLCHD
PCLA_5938469,WP_013308305.1,MLIIGIAGGTGSGKSTVARAVVERLGSNKVTFISQDNYYK
PCLA_5983052,WP_019888519.1,MSYVEVPGAKVPIRMWTDPATVDDGAMQQLRNTATLPWIK
PCLA_5983052,WP_007514579.1,MSPVARLGGGRAPIWMWTRPESVESAALDQLRGIASLPYI
PCLA_5983052,WP_012585387.1,MPVKTVLDGSAVPVRIWTDDIDEGSKAQLANIASLAFIHH
PCLA_5938469,WP_018280107.1,MLIIGITGGTGCGKTTVVNQIVKELSGKEVTVVSQDSYYR
PCLA_5938469,WP_005677735.1,MQIYSIWFKYTLKEMLIIGIAGGTGSGKTTVVRKIVESLP
PCLA_5938469,WP_018205367.1,MEPLLIGIAGGTGSGKTTVACRVYESLKGVNVVVIQQDAY
PCLA_5938469,WP_008787894.1,MREQAVIIGIAGGSASGKTSIAHQLYDCFQGHHKVKIMKQ
PCLA_5983052,WP_017391983.1,MSVIEEINQQAQFEQKQQEHAYQVLQNEKSMPVKMWTKGV
PCLA_5938469,WP_005873721.1,MNTTIIGVAGGSASGKSTLVKKLCEAFVEEDVLVLCHDYY
PCLA_5938469,WP_006068424.1,MAKIIGISGGSGSGKTTVVSKISEFIPEFVLISQDNYYKS
PCLA_5938469,WP_013916810.1,MLIIGIAGGTGSGKTTVARSVIDRLGSKKVTFISQDNYYK
PCLA_5983052,WP_006580340.1,MGIQKILNEEALYGVPVKIFTQDIDSESIEQLKKMAQLQF
PCLA_5983052,WP_006631767.1,MPYEKLDISTPKPVLSWANHALGEKETKMTANVASLPFVF
PCLA_5983052,WP_009480120.1,MFPVRLEGTTAPTLMWAEEWTIEQAALQQLRNMADLPWVH
PCLA_5983052,WP_018543749.1,MSYVEIPGARVPVRMWADPATVEDGALRQLQNVATLPWVR
PCLA_5983052,WP_018733168.1,MTYAVLPSTRAPVRVWTDPYSIEPQAAQQLRNIGTLPWVQ
PCLA_5938469,WP_004353088.1,MRGSAARKTIKPTKMKEKITIIGIAGGTGSGKTTVVKKIV
PCLA_5983052,WP_014395301.1,MDRMNANYEVMSDEAGRPIKAWTVGVPFEDEAKKQLRNLR
PCLA_5983052,WP_018558740.1,MRVPIRMWTDPATVEGGAMQQLRNVSSLPWIKGLAVMPDV
PCLA_5983052,WP_010472675.1,MSYVEIPGAKVPIRMWADPATVEDVALRQLRNTATLPWIE
PCLA_5983052,WP_015800316.1,MSPTTLPGARVDIRLWARPDEVEGEALRQLQNIATLPWAV
PCLA_5938469,WP_009595891.1,MLIIGIAGGTGSGKTTVARSVIDRLGSDKVTFISQDNYYK
PCLA_5938469,WP_018127837.1,MSKPLIIGVAGGSGSGKTTVVEHISKTLGEANHNLLQHDS
PCLA_5983052,WP_010639078.1,MAYQEIPGARVPIRMWADPAGVEEAAMRQLQNVATLPWIK
PCLA_5983052,WP_017916838.1,MNTEQYDVIAQPGAAPIKLWTRGVPLEDEARQQLQNIAKL
PCLA_5938469,WP_012200401.1,MKEVIVIGVAGGSASGKTTVAARLKEEYNDNVELICHDSY
PCLA_5938469,WP_017691162.1,MLIIGIAGGTGSGKTTVARSVIDRLGSGKVTFISQDNYYK
PCLA_5938469,WP_002580658.1,MQDVMIIGIAGGSGSGKTTLAQKIKDVFEDKVSILCHDYY
PCLA_5983052,WP_017480779.1,MSVIEEINQQAQFEQKQQERSYQVLQNEKSMPVKMWTKGV
PCLA_5938469,WP_018886995.1,MLIIGIAGGTGSGKTSVARSVIDRLGSGKVTFISQDNYYK
PCLA_5983052,WP_009389414.1,MGIQKILNEEALYGVPVKIFTQDIDSESIEQLKKMAQLQF
PCLA_5983052,WP_013817345.1,MPIQTLITKGKVPVKIYTGQVDPAAYQQLLNLSQMPFVHS
PCLA_5938469,WP_009223817.1,MLIIGIAGGTGSGKTTVARSVIGQLDTDKVTFISQDNYYK
PCLA_5938469,WP_011302972.1,MKSTTIIGIAGGSGSGKTSVTNEIMKNLEGHSVALLAQDY
PCLA_5983052,WP_012233942.1,MGPAQIKGKNVDIKLWTRPDEVEEIALEQLRNISALPWVF
PCLA_5938469,WP_004362233.1,MSEKITIIGIAGGTGSGKTTVVRKVVEALPPHHVAVVPLD
PCLA_5983052,WP_013943550.1,MVGYNHYETEGKPLKLWDTSEPFEEEAMQQLRNVAKLPFI
PCLA_5938469,WP_006526470.1,MSKPIIIGIAGGSASGKTSISETIKKTFADKKSVLIIRQD
PCLA_5938469,WP_004374361.1,MMNCDLKKITIIGIAGGTGSGKTTVVKKIVETLPPHYVAV
PCLA_5938469,WP_007837295.1,MIIIGIAGGTGSGKTTVVRKIIESLPLGSVAVIPQDSYYN
PCLA_5938469,WP_015363975.1,MLILGIAGGTGSGKTTVVEQMVHEYPDHEVTVISQDSYYK
PCLA_5938469,WP_002979122.1,MLVIGIAGGTGSGKTTVVDKILQQLDIEGMNILSQDNYYH
PCLA_5983052,WP_019633807.1,MPYQTIEGGRVPIRMWTDPASVEDVARDQLRNVSGLPWIE
PCLA_5938469,WP_015560639.1,MAEAKNTILIGIAGGTGSGKTTLADKVVDSFGRDEVSILR
PCLA_5983052,WP_014138491.1,MSYTEVPGVRVPIRMWTDPATVEGQAMQQLRNISTLPWLH
PCLA_5938469,WP_013560370.1,MQGRLTPLVIGIAGGTGSGKTTVVKSIIERVGSHRIACLS
PCLA_5938469,WP_020402716.1,MSENPLIIGVAGGSGSGKTTVVNYICDEFAADNILRIEHD
PCLA_5983052,WP_005208726.1,MGIQKILNADAQYGVPVKIFTTDIDSESIEQLKKMAQLQF
PCLA_5938469,WP_009124064.1,MLIIGIAGGTGSGKTTVVRKIIESLPAGEVVLLPQDSYYK
PCLA_5983052,WP_011860174.1,MAQLQFIYPHIAVMPDVHVGKGATVGSVIPTKHAIIPAAV
PCLA_5938469,WP_019174259.1,MSCFTVGVAGGTGSGKTTLTRALLDRFSGQSSVVFMDNYY
PCLA_5983052,WP_013230594.1,MYTAVEGARVPIRMWADPASVEDQAMRQLHNVANLPWVHG
PCLA_5983052,WP_018722234.1,MQIMTYAVLPSTRAPVRVWTDPYSIEPQAAAQLRNIGTLP
PCLA_5983052,WP_016437520.1,MSYVEMPGAKVPIRMWTDPATVEDVALQQLRNVATLPWIK
PCLA_5938469,WP_013997071.1,MLTIGIAGGTGCGKTTVVNQIISELPEGEVTVISQDSYYK
PCLA_5938469,WP_010520161.1,MQIALIKAPIVYFWRKFLFMLIIGIAGGTGCGKTTVVKQI
PCLA_5938469,WP_009013167.1,MKDKITIIGIAGGTGSGKTTVVKKIVESLPPHYVAVVPLD
PCLA_5938469,WP_005789145.1,MLIIGIAGGTGSGKTTVVRKIIESLPAGEVVLLPQDSYYK
PCLA_5938469,WP_005846267.1,MIIIGIAGGTGSGKTTVVRKIIESLPPGSVAVIPQDSYYN
PCLA_5938469,WP_013598892.1,MLVIGIAGGTGSGKTTVVNNILKNLNTESVIVISQDNYYR
PCLA_5983052,WP_006604762.1,MSYVEVPGAQVPIRMWTDPAGVEDVAMQQLRNVATLPWIK
PCLA_5938469,WP_004613983.1,MKNIIIGIAGGTGSGKSTFTRKLKKEFKDDVAVLYHDNYY
PCLA_5938469,WP_012818654.1,MLIIGIAGGTGSGKTTVARSVIDRLGSDKVTFISQDNYYK
PCLA_5983052,WP_006133267.1,MSYVELPGAKVPIRMWTDPATVEEGALQQLRNVATLPWIK
PCLA_5938469,WP_001627923.1,MKATTIIGIAGGSGSGKTTVTNEIMKNLEGHSVALLAQDY
PCLA_5938469,WP_002659071.1,MAKIIGISGGSGSGKTTVVSKISEFIPEFVLISQDNYYKS
PCLA_5938469,WP_005831829.1,MLIIGIAGGTGSGKTTVVRKIIESLPAGEVVLLPQDSYYK
PCLA_5983052,WP_005313378.1,MSVVEQINQQAQSEQEQQQRAYQVLKDETSMPVKMWTNGV
PCLA_5938469,WP_017637086.1,MTQTTIIGIAGGSGSGKTTVTNEIMKNLEGHSIALLAQDY
PCLA_5938469,WP_004358085.1,MNNKVTIIGIAGGTGSGKTTVVRKIVEALPPHYVAVVPLD
PCLA_5983052,WP_012972326.1,MTIKQVITDGDKPIKVWTDELDTLSREQLVNLSRLPFIHR
PCLA_5983052,WP_017387996.1,MSVIEEINQQAQFEQKQQERAYQVLQNEKTMPVKMWTKGV
PCLA_5983052,WP_018528174.1,MSYVEVPGAKVPIRMWTDPASVEDAAMQQLRNVATLPWIK
PCLA_5938469,WP_000648617.1,MKATTIIGIAGGSGSGKTTVTNEIMKNLEGHSVALLAQDY
PCLA_5938469,WP_009377943.1,MAGGTGSGKTTLTQALLAKCAGVSSVLYHDNYYKRQDELT
PCLA_5983052,WP_011320140.1,MPYEKLEIKTQAPVLSWANHELGSEETKMAKNVASLPFVF
PCLA_5983052,WP_019878207.1,MTSTVIPGNRVPIRMWADPTSVEDSAMAQLRNVANLPWIH
PCLA_5938469,WP_019107682.1,MKTKACIIGICGGSGSGKSTVTKKLIELIGKDNVSVIEQD
PCLA_5938469,WP_013279935.1,MSEKVCIVGIAGGTASGKTTIVRRIKEKFGDDIVVINHDS
PCLA_5983052,WP_005230887.1,MSVVEQINQQAQFEQEQQQRAYQVLKNETSMPVKMWTNGV
PCLA_5983052,WP_015091905.1,MPVLSNIKSAHVPVKIWSPESEVESQALKQLQNVASLPFV
PCLA_5938469,WP_015843489.1,MLIIGIAGGTGSGKTSVARSVIERLGEDKVTFISQDNYYK
PCLA_5983052,WP_013286538.1,MGFTPLAGTRAPVRVWTDPYAIEAQAARQLRNIGALPWVQ
PCLA_5938469,WP_018200782.1,MDDIRTYIILISGGSASGKTTIANRLKEVLHPFTVIISSD
PCLA_5983052,WP_006593199.1,MVLVTTVQFPTDLPHSSGAAVAMWADPADIEPAAQEQLRN
PCLA_5938469,WP_009246350.1,MKSVIIGIAGGTGSGKSTFTNRLRDEFKDNVAVIYHDNYY
PCLA_5983052,WP_005240957.1,MFPVRLEGTTAPTLMWAEEWTIEQAALQQLRNMADLPWVH
PCLA_5983052,WP_009585272.1,MSVSGQIEKQASNERAYNIIQDKKGVPIKMWTKDVPVDEK
PCLA_5983052,WP_017288526.1,MPYEALTLSTRAPVLSWAGHELGHTEAQMARNVAALPFVF
PCLA_5938469,WP_008991068.1,MLIIGIAGGTGCGKTTVVNQIINELPENEVGVISQDSYYK
PCLA_5983052,WP_015169732.1,MPYEKLEIADPVLSWANHQLNPEEMRMAKNVASLPFVFKH
PCLA_5938469,WP_015778203.1,MTDVKIVAIAGGSASGKSSIVREIANYFKDDLTVIGHDNY
PCLA_5938469,WP_009131302.1,MLIIGIAGGTGSGKTTVVRKIIESLPAGEVVLLPQDSYYK
PCLA_5983052,WP_010043470.1,MSYVEIPGAKVPIRMWTDPAAVEGSALQQLRNVATLPWIK
PCLA_5983052,WP_020678860.1,MTWNRNRQEVQIMTYAVLPHTRAPVRVWTDPHTIEPQAAR
PCLA_5938469,WP_002466211.1,MTQTTIIGIAGGSGSGKTTVTNEIMKNLEGHSIALLAQDY
PCLA_5938469,WP_007484842.1,MLIIGIAGGTGSGKTTVVRKIIESLPAGEVVLLPQDSYYK
PCLA_5983052,WP_005322552.1,MGIQKILNADAQYGIPVKIFTNDIDSESIEQLKKMAQLQF
PCLA_5983052,WP_007471628.1,MPVLTEYPQTKQQPHPVKVWTDEIDEQTAEQLRRTASLPF
PCLA_5983052,WP_008379451.1,MNEYPIALPGARADTLMWAEPGEIEPAALDQLRNISKLPW
PCLA_5983052,WP_013733756.1,MGYEVLAGTRAPVRVWTDPYGIEEQAARQLRNIGVLPWVQ
PCLA_5938469,WP_013254817.1,MEDIRVIAIGGGSGSGKTTIVRKISEIVPDFNFIPQDNYY
PCLA_5938469,WP_013610774.1,MNTTIIGVAGGTASGKSTLVKKLQEAFEGESVITLCHDYY
PCLA_5938469,WP_015546061.1,MNVTVIGVAGGTGSGKSTLVKRLQEAFIGDDVVTLCHDYY
PCLA_5938469,WP_016275999.1,MIIIGIAGGTGSGKTTVVRKIIESLPPGSVAVIPQDSYYN
PCLA_5983052,WP_011859712.1,MPVKMWTKGVLVDDNSKQQLLQTAQMPFIYKWMAVMPDVH
PCLA_5938469,WP_010664469.1,MLVIGIAGGTGSGKTTVVRKIMEKLPAGEVALLPQDSYYR
PCLA_5938469,WP_017548775.1,MNRPTIIGIAGGSGSGKTSVTRKIMEALDGHSVVLIEQDY
PCLA_5983052,WP_008202583.1,MTYETLQLSTPTPILSWAGHELGPQETQMAKNVASLPFVY
PCLA_5983052,WP_019384459.1,MSVVEQINQQAQFEQEQQQRAYQVLQNEKSMPIKMWTNGV
PCLA_5983052,WP_020753339.1,MSVIEEINQQAQFEQKQQQRSYEVLQNEKSMPVKMWTKGV
PCLA_5983052,WP_019328520.1,MSYVEMPGAKVPIRMWTDPATVEEGALQQLRNVATLPWIK
PCLA_5983052,WP_011398809.1,MPVFIELNKSGDAGSAPVKIFTAEVEYQAMSQLKNLARLP
PCLA_5983052,WP_019491949.1,MAYEKLELSTPTPVLSWAGHPLGKDESKMAQNVASLPFVF
PCLA_5983052,WP_018691271.1,MQYTTIETNVGKPIKAWVNDVPFDPAAQQQLKNISSLPFI
PCLA_5983052,WP_005307006.1,MSVIEEINQQAQFEQKQQERSYQVLQNEKSMPIKMWTKGV
PCLA_5983052,WP_015155580.1,MPYEKLEINTPAPVLSWANHALGHEETQMAKNVASLPFVF
PCLA_5983052,WP_005226942.1,MGIQKILNADAAYGVPVKIFTNDIDSESIEQLKKMAQLQF
PCLA_5983052,WP_019848907.1,MPIMTYAVLPSTRAPVRVWTDPYSIKPQAAQQLRNIGTLP
PCLA_5983052,WP_013001593.1,MSYVEIPGAKVPIRLWTDPASVEEGALQQLRNVATLPWIK
PCLA_5983052,WP_014674203.1,MSYVEMPGAKVPIRMWTDPATVEDVALRQLQNVATLPWIK
PCLA_5938469,WP_020250972.1,MKKNIIIGIAGGTGSGKTTLAERIIEELNEPNVFIIKQDA
PCLA_5983052,WP_005241918.1,MSVVEQLNQQAQFEQEQQQRAYQVLKNETSMPVKMWTNGV
PCLA_5938469,WP_001830824.1,MNQTTIIGIAGGSGSGKTTVTNAIMKNLEGHSVALLAQDY
PCLA_5983052,WP_018740262.1,MTYAVLPSTRAPVRVWTDPYSIEPQAAQQLRNIGTLPWVQ
PCLA_5983052,WP_018218394.1,MTYAVLPSTRAPVRVWTDPYSIEPQAAQQLRNIGTLPWVQ
PCLA_5938469,WP_018592883.1,MKQVSVVGIAGGTASGKSTIVNYIKEFFKDDIELICHDSY
PCLA_5983052,WP_018737663.1,MTYAVLPSTRAPVRVWTDPYSIEPQAAQQLRYIGTLPWVQ
PCLA_5983052,WP_007042489.1,MPIKRVISKGRVPVKIYTDDVAENAMKQLENVAHLPFIHS
PCLA_5983052,WP_019075865.1,MSYVEIPGAKVPIRMWTDPASVEEGALQQLRNVATLPWIK
PCLA_5938469,WP_009215387.1,MIGIAGGSGSGKSTFTNRIKRAFGDQVTLIYHDNYYRSND
PCLA_5983052,WP_011287621.1,MPIRQTLKTPNVPVKIWTDDVDDNSRQQLVNIASLPFIHH
PCLA_5938469,WP_008391942.1,MKWTAGSHASGSGSGKSTFTNRIKAYFGDDVAVLYHDNYY
PCLA_5983052,WP_007460383.1,MWADPASVEDVAMQQLRNVSTLPWIKGLAVMPDVHFGKGA
PCLA_5983052,WP_007481964.1,MSLVEQINQQAQFEQEQQQRAYQVLQNEKSMPIKMWTNGV
PCLA_5983052,WP_018186179.1,MTHTTFPVALSGTTAETLMWAHEHEVEQSALTQLRNVSEL
PCLA_5938469,WP_004812114.1,MDTKIIAIAGGSASGKSSIVEFIKNYFSKDLYVIGHDNYY
PCLA_5938469,WP_008635423.1,MLIIGIAGGTGCGKTTVVNQILEQLPEGEVGVISQDSYYM
PCLA_5938469,WP_006860364.1,MKEDGNTKAEGEETIMGDILVIGIAGGSGSGKTTLTNQIA
PCLA_5983052,WP_017592866.1,MSYTEVPGARVPIRMWADPDGVEAAAMDQLRNVTRLPWVH
PCLA_5938469,WP_008817113.1,MKKTILIGIAGGSASGKTSISAQLKEHYEDTNSVVIIRQD
PCLA_5938469,WP_016443473.1,MRAFSPLSTRLRKNLADRGSNVRSLVIGIAGGTASGKTSL
PCLA_5983052,WP_005296610.1,MGIQKILNADAQYGVPVKIFTNDIDSESIEQLKKMAQLQF
PCLA_5983052,WP_016143108.1,MGIQKILNKEALYGVPVKIFTQDIDSESIEQLKKMAQLQF
PCLA_5938469,WP_013070960.1,MLIIGIAGGTGSGKTTVVNQIIDELKNEEVDVISQDSYYM
PCLA_5938469,WP_014783213.1,MLIIGIAGGTGSGKTTVVAQIVAELPEDEVCVISQDSYYH
PCLA_5983052,WP_018847642.1,MSYVEMPGAKVPIRMWTDPASVEDVALQQLRNVATLPWIK
PCLA_5938469,WP_002665599.1,MLLIGITGGTGCGKTTVVNQIIKELPQGAVSVISQDSYYK
PCLA_5938469,WP_009883947.1,MAGGTGSGKTTLTQALLDKCAGPPSVLFHDNYYRRRDELT
PCLA_5983052,WP_009627728.1,MPFQKLDIATPKPVLSWAGHDLGHAEVKMAKNVASLPFVF
PCLA_5983052,WP_016869497.1,MPYEKLEISTLSPVLSWANHPLGTEETKMAKNVASLPFVF
PCLA_5938469,WP_018108960.1,MLIIGIAGGTGSGKTTVVRKIVESLPAGEVVLLPLDSYYK
PCLA_5983052,WP_007311354.1,MPYQPLKISTEKPVLSWADHDLASAEMQMAKNVASLPFVY
PCLA_5983052,WP_020642079.1,MYTAVEGARVPIRMWADPTSVEDQAMRQLHNVANLPWVHG
PCLA_5938469,WP_013272629.1,MKCVIIGIAGGTGSGKSTFTNRLKAAFCDDIAVIYHDNYY
PCLA_5983052,WP_018552218.1,MSYVEVPGAKVPIRMWADPASVEDAAMQQLRNVATLPWIK
PCLA_5983052,WP_018677832.1,MGIQKILNADAEYGVPVKIFTTDIDSESIEQLKKMAQLQF
PCLA_5938469,WP_008902515.1,MKKPVIIGIAGGTGSGKSTITKELIKLIDEKDVTIIEQDS
PCLA_5938469,WP_002483127.1,MKNLEGHSVALLAQDYYYKDQSHLTFDERLETNYDHPFAF
PCLA_5938469,WP_002458952.1,MSQTTIIGIAGGSGSGKTTVTNEIMKNLAGHSVALLAQDY
PCLA_5983052,WP_006382785.1,MSYVEVPGAKVPIRMWADPASVEDVAMQQLRNVSTLPWIK
PCLA_5938469,WP_017208845.1,MQDIMIIGIAGGSGSGKTTLAQNIREAFSDDIVILCHDYY
PCLA_5938469,WP_005862771.1,MLIIGIAGGTGSGKTTVVKKIIESLPPGEVVLLPQDSYYK
PCLA_5938469,WP_009382628.1,MNNVTIIGIAGGSGSGKTTVTNEIMKNLEGYNVALLAQDY
PCLA_5938469,WP_011107155.1,MLIIGIAGGTGSGKTTVVRKMIESLPVGEVVLLPQDSYYK
PCLA_5983052,WP_017304577.1,MAYEPLSLSTPTPVLSWAGHPLASDELKMAKNVASLPFVF
PCLA_5983052,WP_018512678.1,MSYVEVPGAKVPIRMWTDPASVEDVAMQQLRNVSTLPWIK
PCLA_5938469,WP_009345498.1,MKNKTLLIGISGGTGSGKSTVTKKLVELIKEENVAVIEED
PCLA_5938469,WP_014791581.1,MLVIGIAGGTGCGKTTVVNNILNKLSSEEVIVISQDNYYK
PCLA_5938469,WP_017176184.1,MTQTTIIGIAGGSGSGKTTVTNEIMKNLEGHSVALLAQDY
PCLA_5983052,WP_015381806.1,MPTKRYTAEDLDQRMSGIVYRPGPAWVDEIPDAYKPIDQV
PCLA_5983052,WP_016909190.1,MPYFEMPGARVPIRMWVEPPAHDGGMPPGVEENTLRQLAN
PCLA_5983052,WP_007671392.1,MSGFTHIESDGAPIKAWTRGVPIEESALKQLRNVASLPFI
PCLA_5938469,WP_018696055.1,MNVTVIGVAGGTGSGKSTLVKRLQEAFVGDDVVTLCHDYY
PCLA_5938469,WP_010252068.1,MLIIGIAGGTGSGKTTVVHQIMNELPETEVGIISQDSYYK
PCLA_5983052,WP_007639191.1,MPVKIELNKNAGNGFKPVKIYTRDIENEALTQLKKIAELP
PCLA_5938469,WP_003773072.1,MSPIVIGIAGGSASGKSSIAKKLKKHFDETQKVVIIKMDD
PCLA_5938469,WP_007214587.1,MLIIGIAGGTGSGKTTVVRKIIESLPAGEVVLLPQDSYYK
PCLA_5983052,WP_013476638.1,MGFTSLAGTRAPVRVWTDPYAIEAQAARQLRNIGALPWVQ
PCLA_5938469,WP_005807461.1,MLIIGIAGGTGSGKTTVVRKIIESLPAGEVVLLPQDSYYK
PCLA_5983052,WP_018584477.1,MSYAILPGTRAPVRVWTDPHGIEPQAARQLRNIGTLPWVQ
PCLA_5938469,WP_008624704.1,MYIIGIAGGTGSGKTTVVRKIIESLPAHEVALIPQDSYYN
PCLA_5938469,WP_009222374.1,MRTPIIIGIAGGSGSGKSTVTNELKAMLDDNKVVIIEQDS
PCLA_5983052,WP_008746291.1,MPYTELPGARVPIRMWADPAEVDPGALDQLRNTATLPWIA
PCLA_5983052,WP_017622054.1,MPYTEAPGARVPIRMWTDPEGVEPAAMDQLRNVTRMPWVH
PCLA_5938469,WP_008822221.1,MEDKITIIGIAGGTGSGKTTVVKKIVESLPPHYVAVVPQD
PCLA_5938469,WP_009389776.1,MKMLIIGITGGTGCGKTTVVNQIIKELSGEEVTVISQDSY
PCLA_5983052,WP_015112895.1,MPYEQLTINTPAPVLSWANHPLASDETKMAKNVASLPFVF
PCLA_5938469,WP_005780344.1,MLIIGIAGGTGSGKTTVVRKIIESLPAGEVVLLPQDSYYK
PCLA_5938469,WP_006950271.1,MNEINAILNERKVTVIGIAGGTGSGKSTVVRKIVEALPPH
PCLA_5938469,WP_013607603.1,MKEVKIIGITGGSGSGKSTIVRKIGEVCSDFVFIPQDNYY
PCLA_5983052,WP_016539865.1,MSVVEQINQQAQFEQEQQQRAYQVLQNGKSMPVKMWTNGV
PCLA_5983052,WP_005742274.1,MKTVIAGEENARPIKIWTGDIEDAALTQLKNLSRLPFIAR
PCLA_5983052,WP_018679806.1,MSVIEEVKQQAQIEQAKQQRAYQVLQNEKSMPVKMWTNGV
PCLA_5938469,WP_019668563.1,MLIIGIGGGTGCGKTTVVNQIINELPNEEVGVISQDSYYN
PCLA_5938469,WP_010956402.1,MVMNTTIIGVAGGSASGKSTLVKKLCEAFVEEDVLVLCHD
PCLA_5983052,WP_020385137.1,MNVQYPVELSGAKSSTLMWAQEHEVGAQALQQLRNIAALP
PCLA_5983052,WP_018542031.1,MSYTEVPGAQVPIRMWTDPATVEGVAMQQLRNVATLPWIK
PCLA_5983052,WP_020545059.1,MTYHEVTGTKHPIRMWARPETVDPQAMQQLRNVANLPWVH
PCLA_5983052,WP_009949032.1,MFTAVQGSRVPIRMWADPRRVEDAAMRQLRNIADLPWVHG
PCLA_5938469,WP_018910199.1,MKDKITIIGIAGGTGSGKTTVVKKIVESLPPHYVAVVPLD
PCLA_5983052,WP_009716009.1,MSYVEVPGAKVPIRMWADPATVEGGAMQQLRNVATLPWIK
PCLA_5938469,WP_002836878.1,MKPYIVGVAGGSASGKTEIVKTLKKHFEDKIEIIEHDNYY
PCLA_5938469,WP_005469374.1,MSSTISTTIIGVAGGSASGKSTLVRKLQEAFVEEHVTTLC
PCLA_5938469,WP_007130673.1,MLIIGIAGGTGSGKTTVARSVIDRLGSDKVTFISQDNYYK
PCLA_5983052,WP_005244117.1,MGIQKILNAEAEYGVPVKIFTNDIDSESIEQLKKMAQLQF
PCLA_5938469,WP_006857712.1,MKGYGIMAEAKNTILIGIAGGTGSGKTTLADKVVDSFGRD
PCLA_5938469,WP_010259798.1,MTMDVTVIGVAGGTGSGKSTLVKRLQEAFVGDDVVTLCHD
PCLA_5938469,WP_009120488.1,MLIIGIAGGTGSGKTTVVRKIVESLPAGEVVLLPQDSYYK
PCLA_5983052,WP_013426011.1,MMPLARLSGAQAPIWMWTQPENVESAALDQLRAIANLPYI
PCLA_5983052,WP_020632170.1,MYTAVEGSRVPIRMWADPTSVEDQAMRQLHNVANLPWVHG
PCLA_5938469,WP_005938082.1,MNNLIIGIAGGSGSGKTTLALRLKERFGEDEVRLISHDSY
PCLA_5983052,WP_018814302.1,MTYAVLPSTRAPVRVWTDPYSIEPQAAQQLRNIGTLPWVQ
PCLA_5983052,WP_007194491.1,MTIKQVITEGDKPVKVWTEELDERSRTQLVNLSKLPFIHR
PCLA_5983052,WP_011554960.1,MSRINGNYEVLSDEAGRPIKAWTVGVPFEDEAKKQLRNLR
PCLA_5983052,WP_017578292.1,MSHREVPGTHVPIRMWADPDEVDEQVMGQLRNISGVPWVH
PCLA_5983052,WP_020218515.1,MSYSILPGTRAPVRVWTDPHGIEPQAAWQLRNIGTLPWVQ
PCLA_5938469,WP_005841817.1,MKTTIIGIAGGTGSGKSTFTNRLKAHFGDSVTVIYHDDYY
PCLA_5938469,WP_017814922.1,MLIIGIAGGTGSGKTTVARSVIERMGTRKAVTFISQDNYY
PCLA_5983052,WP_020414849.1,MPVKIVLNKNASSGSVPVKIFTDKVEPAALEQLRNIAQLP
PCLA_5938469,WP_005940413.1,MIIIGIAGGTGSGKTTVVKKIIESLPEGSVAVIPQDSYYN
PCLA_5938469,WP_009134798.1,MGERTIVIGVAGGTGSGKSTLVRKLQEAFSDAVTTLSHDY
PCLA_5938469,WP_006744181.1,MFPENCSNKHKCTLFVSKYKTYQMLIIGIAGGTGSGKTTV
PCLA_5983052,WP_019502263.1,MPYENLNISTPNPVLSWANHDLGHDEMKMARNVASLPFVF
PCLA_5983052,WP_011598626.1,MFPVRLEGTTAPTLMWAEEWTIEQAALQQLRNMADLPWVH
PCLA_5938469,WP_009422179.1,MLIIGITGGTGCGKTTVVNQIIKELSGEEVTVISQDSYYK
PCLA_5938469,WP_016998522.1,MGKTTIIGIAGGSGSGKTSVTSEIMKDLDGYSVALIEQDY
PCLA_5938469,WP_005882641.1,MPIVIGIAGGTGSGKTTLTQALAEKFAGRTTVIYQDNYYK
PCLA_5938469,WP_004790381.1,MAKIIGISGGSGSGKTTVVSKISEFIPEFVLISQDNYYKS
PCLA_5983052,WP_013819903.1,MTQQGYEVTQAAGGVPIKSWTRGVHFEDQARQQLINLSRL
PCLA_5938469,WP_009229273.1,MQKTTIIGIAGGTGSGKTTVVKKIAEALPPHYVAVVPLDS
PCLA_5983052,WP_012380415.1,MSYVEVPGAKVPIRMWADPASVEDGAMQQLRNVSTLPWIK
PCLA_5983052,WP_013162188.1,MTELPVPVPGTTSDTLMWADPTTVEPEALDQLRAISRLPW
PCLA_5983052,WP_020136017.1,MSYVEMPGAKVPIRMWTDPATVEDVALQQLRNVATLPWIK
PCLA_5983052,WP_016859946.1,MPYEELEISTASPVLSWANHPLGSEETKMAKNVASLPFVF
PCLA_5938469,WP_009598735.1,MADTMKVTVIGVAGGTGSGKSTLVKRLQEAFEGDDVVTLC
PCLA_5938469,WP_014425104.1,MKTTIIGIAGGSGSGKSTFTNRLKNFFGDNITVIYHDNYY
PCLA_5983052,WP_014748357.1,MTFDLLAHRYEPARDRPAAPVKMWTRGVPVDERAMGQLLN
PCLA_5983052,WP_014982661.1,MFPVELRGTRAQTLMWAEEHAVEQAALQQLRNIAALRWVH
PCLA_5938469,WP_010495386.1,MLIIGIAGGTGSGKTTVARSVIDRLGSDKVTFISQDNYYK
PCLA_5983052,WP_017816417.1,MGIQKILNEEAQYGVPVKIFTQDIDNESIEQLKKMAQLQF
PCLA_5983052,WP_017240966.1,MSYVEVPGANVPIRMWADPATVEGGAMQQLRNVATLPWIK
PCLA_5983052,WP_005465142.1,MYTTIKGARADIRLWTDPDTVEEAAMRQLRNVTTLPWIHG
PCLA_5938469,WP_002604157.1,MKSILIGIAGGTGSGKSTFTNRLKDAFHDDIAVLYHDNYY
PCLA_5938469,WP_020080224.1,MLVIGIAGGTGSGKTTVVNQIINELPEDEVCVISQDSYYK
PCLA_5938469,WP_004290324.1,MLIIGIAGGTGSGKTTVVRKIIESLPAGEVVLLPQDSYYK
PCLA_5983052,WP_005439235.1,MNGDEEREVVSVYTTIEGARTDIRMWTDPVTVEEPALQQL
PCLA_5983052,WP_019526470.1,MSYVEIPGAKVPIRMWTDPATVEEGALQQLRNVATLPWIK
PCLA_5938469,WP_012159507.1,MRMNKRPILIGIIGGTGSGKSTVARSIFESLPEKNIAIIQ
PCLA_5938469,WP_004831837.1,MKKEDVYVVGIAGGSASGKTTIIEKLKKQFKDEIVMISHD
PCLA_5938469,WP_019966801.1,MMNSDLNKITIIGIAGGTGSGKTTVVRKIVEALPPHYVAV
PCLA_5983052,WP_018683455.1,MRQLHNIAALPWTFKHVAVMPDVHYGMGATVGSVIAMRGA
PCLA_5983052,WP_014178612.1,MSYVELPGARVPIRMWTDPATVEGVAMQQLRNVATLPWIK
PCLA_5983052,WP_017402981.1,MSVIEEINQQAQFEQKQQQRSYEVLQNEKTMPVKMWTKGV
PCLA_5938469,WP_004825493.1,MKNKTLLIGISGGTGSGKSTVTKKLVELIKEENVAVIEED
PCLA_5983052,WP_005197238.1,MSVIEQVNQQAQFEQEQQQRAYQVLHSEKSMPVKMWTKGV
PCLA_5983052,WP_005206092.1,MGIQKILNADAQYGVPVKIFTNDIDSESIEQLKKMAQLQF
PCLA_5938469,WP_007489291.1,METMIIGIAGGTGSGKTTLTLRLKEHFGEDVSILYHDNYY
PCLA_5983052,WP_018748278.1,MPILKTFSGDKVSVHAWTDQVEPEAIRQLKNVAALPIVHG
PCLA_5938469,WP_009170009.1,MQDIMIIGIAGGSGSGKTTLAQNIKEVFNEEVVILCHDYY
PCLA_5938469,WP_008241253.1,MLIIGIAGGTGCGKTTVVNQIINELPEDEVGVISQDSYYN
PCLA_5983052,WP_005565705.1,MFPVRLEGTTAPTLMWAEEWTIEQAALQQLRNMADLPWVH
PCLA_5938469,WP_004843079.1,MKTIIIGIAGGTGSGKSTFTKKLKKEFKDDVAVLYHDNYY
PCLA_5938469,WP_008141689.1,MIIIGIAGGTGSGKTTVVRKIVESLSKDEVVILPLDSYYK
PCLA_5983052,WP_015609275.1,MSYVEVPGAKVPIRMWTDPASVEDVAMQQLRNVSTLPWIK
PCLA_5983052,WP_005526606.1,MHHPFGLPETLPGTHAPARIWAPLVDVDHAAQRQIRAVAD
PCLA_5983052,WP_015068918.1,MSIFPVPLSGTDNTLMWAEEAGIEEAARAQLRNVAALPWT
PCLA_5938469,WP_005857397.1,MLIIGIAGGTGSGKTTVVKKIIESLPPGEVVLLPQDSYYK
PCLA_5938469,WP_005923864.1,MLIIGIAGGTGSGKTTVVRKIIESLPAGEVVLLPQDSYYK
PCLA_5938469,WP_012537791.1,MVKIIGISGGSGSGKTTIVNKISEVISEFVLISQDNYYKS
PCLA_5938469,WP_019117414.1,MDTKIIAIAGGSASGKSSIVEYIKNYFSKDLYVIGHDNYY
PCLA_5983052,WP_007304877.1,MPYQPLKISTEKPVLSWADHDLASAEMQMAKNVASLPFVY
PCLA_5938469,WP_006506255.1,MENKAVIIGIAGGSASGKTSIAQSIYDRFKGSHRVKIIKQ
PCLA_5938469,WP_006781737.1,MNTIIIGIAGGTGSGKSTFTNKLKAFFQDDVAVLYHDNYY
PCLA_5983052,WP_005265468.1,MFPVRLEGTTAPTLMWAEEWTIEQAALQQLRNMADLPWVH
PCLA_5938469,WP_015026552.1,MAKIIGISGGSGSGKTTVVSKISEFIPEFVLISQDNYYKS
PCLA_5938469,WP_011771979.1,MVKIIGITGGSGSGKTTVVNKISEVIPEFVLISQDNYYKS
PCLA_5938469,WP_009780082.1,MLIIGIAGGTGSGKTTVVNQIVQELPEGEVTVISQDSYYR
PCLA_5983052,WP_014207588.1,MGIQKILNKEALYGVPVKIFTQDIDSESIEQLKRMAQLQF
PCLA_5938469,WP_008256668.1,MLIIGIAGGTGSGKTTVVHQIMNELPSSEVGIISQDSYYK
PCLA_5983052,WP_015954782.1,MPYQQLKLSAPSPILSWANHELGAKETQMAKNVANLPFVF
PCLA_5938469,WP_011963257.1,MLIIGIAGGTGSGKTTVVHQIMNELPDTEVGIISQDSYYK
PCLA_5938469,WP_008420846.1,MQDVMIIGIAGGSGSGKTTLAQNIREVFNDEVTILCHDYY
PCLA_5983052,WP_005313950.1,MSYVEMPGAKVPIRMWTDPSTVEDVALQQLRNVATLPWIK
PCLA_5938469,WP_007809936.1,MLIIGIAGGTGSGKTTVVHQIMNELPDTEVGVISQDSYYK
PCLA_5938469,WP_008270975.1,MLIIGIAGGTGCGKTTVVNTILNELPEGEVGVISQDSYYK
PCLA_5983052,WP_019549518.1,MPYFEMPGARVPIRMWGEPPAHEGGMPPGVEENTLRQLAN
PCLA_5938469,WP_002436118.1,MNQTTIIGIAGGSGSGKTTVTNEIMKNLEGHSVALLAQDY
PCLA_5983052,WP_019432664.1,MGYTEVPGARVPIRMWADPATVEDGAMRQLRNVTTLPWVE
PCLA_5983052,WP_020581503.1,MDDLARQTAGIERCKDKGILDEIPSVYKNIDKVMSFQKDM
PCLA_5938469,WP_018943340.1,MLIIGIAGGTGSGKTTVVNQIVKQLPTNEVCVMSQDSYYK
PCLA_5983052,WP_012360635.1,MTTKRYTAEDLDQRMSGIVYRPGAAWVDEIPDAYKPIDQV
PCLA_5938469,WP_010244167.1,MTSKACIIGICGGSGSGKSTVTKKLIELIGRDNVSVIEQD
PCLA_5983052,WP_005214315.1,MGIQKILNANAEYGVPVKIFTNDIDSESIEQLKKMAQLQF
PCLA_5938469,WP_009672846.1,MLVIGIAGGTGSGKSTVARSIIDELGTKNVTLICQDNYYA
PCLA_5983052,WP_020410775.1,MPVYIELNKSQDGGARPVKIYTADVDYKALAQLKNLSQLS
PCLA_5938469,WP_009346655.1,MIVIGIAGGTGSGKTTVVRKIMEQLPANQVSIIPQDSYYK
PCLA_5983052,WP_006240305.1,MYTTIEGVRSDIRLWTDPATVEEAAMRQLRNVTTLPWIHG
PCLA_5983052,WP_013323934.1,MPYEQVKVSTPTPILSWANHPLGPKETQMAKNVACLPFVY
PCLA_5983052,WP_017386510.1,MSVIEEINQQAQFEQKQQERSYQVLQNEKSMPVKMWTKGV
PCLA_5983052,WP_007459339.1,MGFTPLAGTRAPVRVWADPYAIEPQAAKQLRNIGALPWVQ
PCLA_5983052,WP_008486130.1,MQYQVTKSQGGLIKSWTKGVPFDPKAQAQLANLAALPFVG
PCLA_5938469,WP_020382004.1,MDTSIGLTPTLIGFSGGSGSGKTTLAAAIHQRLGNHKSAV
PCLA_5938469,WP_015755514.1,MLTIGIAGGTGCGKTTVVNQITGQLSDSEVGVISQDSYYR
PCLA_5983052,WP_007071237.1,MAFTPLPGTRAPVRVWTDPYDIEPQAAQQLRNIGALPWVE
PCLA_5938469,WP_004836439.1,MSDVKIVAIAGGSASGKSSIVREIEAYFKDDLIVIGHDNY
PCLA_5983052,WP_020664140.1,MYTAVDGSRVPIRMWADPASVEDQAMRQLRNVANLPWVHG
PCLA_5983052,WP_010986176.1,MSYVEMPGAKVPIRMWTDPATVEDVALRQLQNVATLPWIK
PCLA_5983052,WP_007387530.1,MSYVEMPGARVPIRMWTDPATVEEGALQQLRNVATLPWIK
PCLA_5983052,WP_016516883.1,MAYETLELSTPTPILSWAGHELGPQETQMAKNVASLPFVY
PCLA_5938469,WP_013671691.1,MRGAAARKTIKPTKMKEKITIIGIAGGTGSGKTTVVKKIV
PCLA_5983052,WP_009308652.1,MSYVEMPGAKVPIRMWTDPASVEDVALQQLRNVATLPWIK
PCLA_5983052,WP_020396376.1,MPVKLTLEQGKVPVKIYTDEVDQGSLNQLRNIAQLPFIHS
PCLA_5983052,WP_015658692.1,MSYVEMPGAKVPIRMWTDPTTVEDVALQQLRNVATLPWIK
PCLA_5983052,WP_018784168.1,MSKETTMGFTPLAGTRAPVRVWTDPYAIEAQAARQLRNIG
PCLA_5938469,WP_014023275.1,MAKIIGISGGSGSGKSTVVSKISEFIPEFVLISQDNYYKS
PCLA_5983052,WP_007482581.1,MGIQKILNADAQFGVPVKIFTNDIDRESIEQLKKMAQLQF
PCLA_5938469,WP_009745717.1,MLLIGITGGTGCGKTTVVNQIIRELPKGQVSVISQDSYYK
PCLA_5938469,WP_007759125.1,MLIIGIAGGTGSGKTTVVRKIIESLPAGEVVLLPQDSYYK
PCLA_5983052,WP_016653579.1,MGIQKILNEEAQYGVPVKIFTQDIDSESIEQLKKMAQLQF
PCLA_5938469,WP_009431772.1,MNKPLIIGIAGGSGSGKSTVTQELIDLIGEEKVTLIQQDS
PCLA_5983052,WP_015212851.1,MPYEQLGINTPSPVLSWANHPLGSDEIKMAKNVASLPFVF
PCLA_5938469,WP_004839139.1,MDTKIIAIAGGSASGKSSIVEYIKNYFSKDLYVIGHDNYY
PCLA_5938469,WP_012424919.1,MQDIMVIGIAGGTGSGKTTLSLNIKEEFGDDVVILSHDYY
PCLA_5938469,WP_013739586.1,MKRVRIMGITGGSGSGKSTIVRKISEICPDFVFIPQDNYY
PCLA_5983052,WP_012239764.1,MERSYNVIPTDSGVPIKAWTVGVPFETAAEAQLKNLAALP
PCLA_5938469,WP_007664137.1,MLIIGIAGGTGSGKTTVVRKIIESLPAGEVVLLPQDSYYK
PCLA_5983052,WP_020733754.1,MGPAQIKGKNVDIKLWTRPEEVEPVALEQLRNISALPWVF
PCLA_5983052,WP_005457376.1,MYTTIKGARTDIRLWTDPETVEEAAMRQLRNVTTLPWIHG
PCLA_5938469,WP_002844186.1,MKPVIIGIAGGTGSGKSTIANKLIETFKENEISILRHDNY
PCLA_5983052,WP_013197242.1,MSVIEEINQQAQFEQKQQERSYQVLQNEKSMPVKMWTKGV
PCLA_5983052,WP_019609079.1,MPYTEVSGERVPIRMWAAPDEVEAAAMEQLRNVTRLPWVH
PCLA_5983052,WP_007264745.1,MSYVEVPGAKVPIRMWTDPASVEDSAMRQLQNTAGLPWIK
PCLA_5983052,WP_018501362.1,MTPVHELAGATAPIWMWTPPQEVESAALDQLRTIAELPYV
PCLA_5983052,WP_007308696.1,MRNSGLVGSVIATEDAVIPAAVGVDIGCGMAAIKTPYQAA
PCLA_5938469,WP_016910829.1,MGKTTIIGIAGGSGSGKTSVTSEIMKNLDGYSVALIEQDY
PCLA_5983052,WP_006347404.1,MSYTEVPGEQVPIRMWTDPAGVEDVAMAQLRNVATLPWIK
PCLA_5938469,WP_007411573.1,MDDKITIIGIAGGTGSGKSTVVRKIVETLPPHFVAVVPLD
PCLA_5983052,WP_010112589.1,MSIQMILNAKAEYGVPVKIYTQDVDEESLTQLRKMAQLQF
PCLA_5983052,WP_018636983.1,MDELSGAAAPIWMWTRPHEVESAALDQLRTIADLPYVHHH
PCLA_5983052,WP_009146866.1,MPIQKVFTEGSKPVKVWADDIDARSQAQLVNLSTLPFIHK
PCLA_5938469,WP_006207800.1,MLIIGIAGGTGSGKTTVARSVIDRLGSDKVTFISQDNYYK
PCLA_5938469,WP_002481096.1,MKATTIIGIAGGSGSGKTSVTNEILHNLEGHSVALIAQDY
PCLA_5983052,WP_017587025.1,MSYTEVPGERVPIRMWADPAQVESAAMDQLRNVTRMPWTH
PCLA_5938469,WP_009317603.1,MLIIGIAGGTGSGKTTVVRKIIQSLPEGEVTVIPQDSYYR
PCLA_5938469,WP_009009066.1,MMKKPVIIGIAGGSASGKTSIAQELYDCFKGRHTIRIIKL
PCLA_5938469,WP_018967595.1,MQKTTIIGIAGGTGSGKTTVVKNIVNALPPHYVAVVPLDS
PCLA_5938469,WP_015526187.1,MESIIIGIAGGSGSGKSTFTNRLKKHFGDDVVVIYHDNYY
PCLA_5938469,WP_005654761.1,MLIIGIAGGTGSGKTTVVRKIVESLPAGEVVLLPQDSYYK
PCLA_5983052,WP_017398577.1,MSVIEEINQQAQFEQKQQQRSYEVLQNEKSMPVKMWTKGV
PCLA_5938469,WP_004828603.1,MIEPKIVAIAGGSASGKSTIVKIIAEKFKDDLVVVGHDNY
PCLA_5983052,WP_010477568.1,MSYQQLKLSAPKSVLSWANHDLGPAETQMAKNVASLPFVY
PCLA_5983052,WP_006974190.1,MTTKHTTSYEVDNIVNGVPVKRWTRGVAVEDAALRQLANT
PCLA_5938469,WP_004918954.1,MLVIGIAGGTGSGKTTVVNKILKKLNVEGVNVLSQDNYYH
PCLA_5983052,WP_019601581.1,MEQQAYEVMQSEGVPIKSWTLGVPFEEGAKEQLRKLAGMP
PCLA_5938469,WP_008826175.1,MSKSVVIGIAGGTASGKTTVTKKVASFFDGLQVTILRHDD
PCLA_5983052,WP_005402115.1,MGIQKILNAEAQYGVPVKIFTNDIDNESIDQLKKMAQLQF
PCLA_5938469,WP_014432899.1,MEEISVAAGFQAFVIGVAGGTGSGKTTVSRRIWEAVGRER
PCLA_5983052,WP_007296300.1,MFPVRLEGTTAPTLMWAEEWTIEQAALQQLRNMADLPWVH
PCLA_5938469,WP_005543720.1,MLIIGITGGTGSGKTTVAKSVIDRLGSEKVTFISQDNYYK
PCLA_5983052,WP_015772204.1,MTRTSPFPVSLSGAATPTLMWAHEHDVEAQALTQLRNIAA
PCLA_5983052,WP_011466761.1,MSIKHILPPHKDQRLSVKIWTDDIDYKTQAQLSRVANLPF
PCLA_5938469,WP_011968885.1,MQDIMIIGIAGGSGSGKTTLAQNIREAFSDDIVILCHDYY
PCLA_5983052,WP_013479561.1,MRVFQGARGGLIKAWIDGVAVEDQARTQLDNIAAMPFIHK
PCLA_5983052,WP_019061319.1,MSYVEMPGAKVPIRMWADPASVEEGALQQLRNVATLPWIK
PCLA_5938469,WP_004377412.1,MNCDLKKITIIGIAGGTGSGKTTVVKKIVETLPPHYVAVV
PCLA_5983052,WP_010113327.1,MTMSVAEQIEKQASSSQNQERTYNVIQDAKGVPIKMWTKG
PCLA_5983052,WP_006103333.1,MPYEQLKLSTDKPVLSWANHDLGHEETKMAKNVASLPFVF
PCLA_5938469,WP_002451828.1,MTQTTIIGIAGGSGSGKTTVTNEIMKNLEGHSIALLAQDY
PCLA_5938469,WP_003019843.1,MTVKGVNYIIRAHENEVKNSKIRMGKNMKSVIIGIAGGTG
PCLA_5938469,WP_007561711.1,MIIIGIAGGTGSGKTTVVRRIIESLSENEVAVLPLDSYYK
PCLA_5938469,WP_006060687.1,MKPLLIGIAGGSASGKTTIAQCLKAEFEQTRSVVIIREDD
PCLA_5938469,WP_009271866.1,MKKTILIGIAGGSASGKTSISARLKEHYEDTNSVVIIRQD
PCLA_5938469,WP_019169714.1,MATTIIGIAGGSGSGKTSVTNKIMNNLEGHSVALIEQDYY
PCLA_5938469,WP_019129570.1,MDVTIIGVAGGTGSGKSTLVKRLQEAFKDDDVATLCHDYY
PCLA_5983052,WP_016651137.1,MGIQKILNAEAEYGVPVKIFTNDIDSESIEQLKKMAQLQF
PCLA_5938469,WP_009354834.1,MKKEDVYVVGIAGGSASGKTTIIEKLKKQFKDEIVMISHD
PCLA_5983052,WP_015134593.1,MTYQPLPMKTEKPIYSWAGHELASRELQMAKNVASLPFVF
PCLA_5938469,WP_009432959.1,MSQANTTSTTIIGVAGGSASGKSTLVRKLQEAFADEHVTT
PCLA_5983052,WP_018104350.1,MSYVEVPGAQVPIRMWTDPASVEDVAMQQLRNVATLPWIK
PCLA_5983052,WP_005195388.1,MGIQKILNADALYGVPVKIFTNDIDSESIEQLKKMAQLQF
PCLA_5938469,WP_002609264.1,MKKTILIGIAGGSASGKTSISAQLKEHYEDTNSVVIIRQD
PCLA_5983052,WP_011394163.1,MMQSTKPQMPYEVTNVEKGVPIKSWTIGVPFEPEARKQLK
PCLA_5983052,WP_010591562.1,MSVSEQIEKQASNERAYNIIQDKKGVPIKMWTKGVPVDEK
PCLA_5938469,WP_004325528.1,MQKYSIWFKYTFKEMLIIGIAGGTGSGKTTVVRKIIESLP
PCLA_5983052,WP_020014115.1,MSSDFPVALSGARAQTLMWAHEHDVDHAALNQLRNISALP
PCLA_5983052,WP_020120705.1,MSYVEMPGAKVPIRMWTDPATVEDVALQQLRNVATLPWIK
PCLA_5938469,WP_019618196.1,MKAPFVVGIAGGSGSGKTALARSLAERFADDAAVLFHDNY
PCLA_5938469,WP_009449027.1,MKKEDIYVVGIAGGSASGKTTIVEKLKEQFKDEIVMISHD
PCLA_5938469,WP_008978250.1,MYVMKKTIVIGIAGGSASGKTSISQQLKDRYENTQSVVII
PCLA_5983052,WP_008403618.1,MAYQEIPGARVPIRMWADPAGVEEAAMRQLQNVATLPWIK
PCLA_5938469,WP_004834847.1,MSDVKIVAIAGGSASGKSSIVREIAGYFKDDLTVIGHDNY
PCLA_5938469,WP_015549004.1,MSEKICVLGVAGGSASGKTTIINKLQDFFGEDIAVISHDS
PCLA_5983052,WP_015177961.1,MPYEKLDISTPKPVLSWANHALGEKETKMAANVASLPFVF
PCLA_5983052,WP_015137676.1,MPYEKLEIKTQSPVLSWANHPLGSEEIKMAKNVASLPFVF
PCLA_5983052,WP_017984169.1,MFTAVEGARVPIRMWADPATVEDAAMRQLHNVANLPWVHG
PCLA_5983052,WP_016143432.1,MGIQKILNKEALYGVPVKIFTQDIDSESIEQLKKMAQLQF
PCLA_5938469,WP_002835701.1,MKPYIVGVAGGSASGKTEIVKTLKKHFEDKIEIIEHDNYY
PCLA_5938469,WP_007046757.1,MNTIIIGIAGGTGSGKTTLTERLRDHFGADEVSVINHDSY
PCLA_5938469,WP_015564622.1,MNNLIIGIAGGSGSGKTTLACRLKALFGEDEVRLISHDSY
PCLA_5938469,WP_020264978.1,MLTLIIGIAGGTGCGKTTVAQNICQGIKGKNAVIIVQDAY
PCLA_5983052,WP_020409879.1,MPIEIMNVDKGVPVKSWTVGVPFEPEARQQLKNIASLPFV
PCLA_5983052,WP_005212725.1,MSVVEQINQQAQFEQKQQQRAYQVLKDETSMPVKMWTNGV
PCLA_5938469,WP_010231271.1,MLIIGIAGGTGSGKTTVVSQIIEELNNEDVAVISQDSYYQ
PCLA_5938469,WP_011403303.1,MPAPRAPMPMNPPVVIGIAGGSGSGKTTVLNHILEEFGSD
PCLA_5938469,WP_019308330.1,MLRISGGSGSGKSTIINEIVELLGPEKIAVLHHDAYYRHR
PCLA_5938469,WP_003438933.1,MLIIGIAGGTGSGKTTVVNQIINELQHDEVDVIYQDSYYK
PCLA_5983052,WP_009512601.1,MSVVEQINQQAQFEQEQQQRAYQVLKNETSMPVKMWTNGV
PCLA_5983052,WP_014054010.1,MSYVEVPGAQVPIRMWADPSTVEGVAMQQLRNVATLPWIK
PCLA_5938469,WP_004801610.1,MNKQAIIIGIAGGSASGKTTIARSVYDAFKGNHKVYIVKQ
PCLA_5983052,WP_018961602.1,MSYVEVPGAKVPIRMWADPASVEDGAMQQLRNVSTLPWIR
PCLA_5938469,WP_009436656.1,MLIIGIAGGTGSGKTTVVRKIVESLPPDAVAVIPQDSYYK
PCLA_5938469,WP_006847270.1,MKDKVTVIGIAGGTGSGKTTVVKKLVEVLPPHYVAVVPLD
PCLA_5983052,WP_018799957.1,MSYAILPGTRAPVRVWTDPHGIEPQAARQLRNIGTLPWVQ
PCLA_5983052,WP_007317101.1,MNGYPVQLSGAPNTLMWAHEYEIEPQALQQLRNISQLPWI
PCLA_5938469,WP_013551534.1,MLIIGIAGGTGCGKTTVVNQIINELPIGEVGVISQDSYYN
PCLA_5983052,WP_008846426.1,MPVVTLLSAKDNQKPVKIWTDEVEHEALAQMRRVASLPFI
PCLA_5983052,WP_005259391.1,MGIQKILNADAEYGVPVKIFTNDIDSESIEQLKKMAQLQF
PCLA_5983052,WP_005215926.1,MSVVEQINQQAQFEQEQQQRAYQVLQNGKSMPVKMWTNGV
PCLA_5938469,WP_005802905.1,MLIIGIAGGTGSGKTTVVRKIIESLPAGEVVLLPQDSYYK
PCLA_5938469,WP_002494472.1,MNQTTIIGIAGGSGSGKTTVTNAIMKNLEGHSVVLLAQDY
PCLA_5938469,WP_002672209.1,MLIIGITGGTGCGKTTVVNQIIKELSGEEVTVISQDSYYK
PCLA_5983052,WP_014155612.1,MSYVEVPGAKVSIRMWADPASVEDVAMQQLRNVSTLPWIK
PCLA_5938469,WP_019038623.1,MLIIGIAGGTGSGKTTVVNQIINELQHDEVDVIYQDSYYK
PCLA_5938469,WP_004315981.1,MNCFYICLVNAIIALIVMQKYSIWFKYTFKEMLIIGIAGG
PCLA_5983052,WP_016652288.1,MSVVEQLNQQAQFEQEQQQRAYQVLKNETSMPVKMWTNGV
PCLA_5938469,WP_007137853.1,MLIIGIAGGTGSGKTTVVHQIMNELPEKEVGIISQDSYYK
PCLA_5938469,WP_002990400.1,MFIFAENIEANMLIIGIAGGTGSGKTTVVHQIMNELPETE
PCLA_5938469,WP_018709784.1,MIIIGIAGGTGSGKTTVVKRIIESLSADEAAVLPLDSYYK
PCLA_5938469,WP_002840794.1,MKPYIVGVAGGSASGKTEIVKTLKKHFEDKIEIIEHDNYY
PCLA_5938469,WP_004349409.1,MMTDKERNHEVTVIGIAGGTGSGKTTVVRKIVEALPPNHV
PCLA_5938469,WP_005934518.1,MNNLIIGIAGGSGSGKTTLAYRLKERFGEDEVRLISHDSY
PCLA_5938469,WP_014279262.1,MLIIGIAGGTGSGKSTVARAVVERLGSNKVTFISQDNYYK
PCLA_5938469,WP_013306577.1,MLIIGIAGGTGCGKTTVVNQIINELPAEEVGVISQDSYYN
PCLA_5938469,WP_002507444.1,MNSTTIIGIAGGSGSGKTSVTNEIMKNLEGHSVALLAQDY
PCLA_5983052,WP_019045796.1,MFPVELRGTKAQTLMWADEHQIEQAALRQLRNIADLEWVH
PCLA_5983052,WP_014349701.1,MFPVELPGTRARTLMWASEHDIEQAALRQLRNIAQLEWVH
PCLA_5938469,WP_014165602.1,MLIIGIAGGTGSGKTTVVHQIMNELPETEVGIISQDHYYK
PCLA_5938469,WP_015026019.1,MLIIGIAGGTGSGKTTVVNQIINELQHDEVDVIYQDSYYK
PCLA_5938469,WP_013170592.1,MGKSLVIGIAGGTGSGKTTLTRAIESRFAPNASVIFHDSY
PCLA_5938469,WP_009413600.1,MLIIGITGGTGCGKTTVVNQIIKELSGEEVTVISQDSYYK
PCLA_5938469,WP_013065046.1,MTIIGIAGGTGSGKTTVVKRISKALPPHCAAVVPLDSYYN
PCLA_5983052,WP_017582977.1,MSYTEVPGERVPIRMWADPAQVESAAMDQLRNVTRMPWTH
PCLA_5938469,WP_004369929.1,MENFQEKVTIIGIAGGTGSGKSTVVKRIVETLPPHYVAVV
PCLA_5938469,WP_013759911.1,MKHKPIIIGVAGGTASGKSTLVRRLQETFVDEDVVVLSHD
PCLA_5938469,WP_012782550.1,MLVIGIAGGTGSGKTTVVNKILQQLNVEGVNVLSQDNYYN
PCLA_5983052,WP_012308111.1,MPHQPLPIQTEKPVYSWAGHDLASQELQMAKNVASLPFVF
PCLA_5938469,WP_018362664.1,MATDITIIGIAGGTGSGKSTVVRKIVEALPPHHVAVVPLD
PCLA_5983052,WP_010997676.1,MPYEKLEIETQAPVLSWANHELGSEETKMAKNVASLPFVF
PCLA_5938469,WP_008619372.1,MPMYIIGIAGGTGSGKTTVARKIIESLPKGEVALIPQDSY
PCLA_5938469,WP_013656664.1,MKEILIIGIAGGTGSGKTTLTQKIKEAFNDDVVVLSHDYY
PCLA_5938469,WP_007092857.1,MLIIGIGGGTGSGKTTVVNEIIKQLPENEVGIISQDSYYN
PCLA_5983052,WP_012165011.1,MSYQQLKLSAPKSVLSWANHDLGPAETQMAKNVASLPFVY
PCLA_5983052,WP_020740202.1,MERSYNVIPTDSGVPIKAWTVGVPFEPAAEAQLKNIAALP
PCLA_5938469,WP_018578808.1,MNPIVIGIAGGSASGKSSIAKKLKKHFDETQKVVIIKMDD
PCLA_5983052,WP_017616725.1,MALMPYTEAPGARVPIRMWADPQTVEAAAMDQLRNVTRMP
PCLA_5983052,WP_011605409.1,MSPVATLGAAAHPIWLWTRPEEVESAALDQLRNVASLPYI
PCLA_5938469,WP_008975907.1,MKTIIIGIAGGTGSGKSTFTRKLKKEFKDDVAVLYHDNYY
PCLA_5938469,WP_009415869.1,MVDKTLNIKHYFVSLHPDYNSKFITQNKMLIIGITGGTGC
PCLA_5938469,WP_012827004.1,MWYTPRIVTAQGSFTPLIIGIAGGTGSGKTTVARKLAAHI
PCLA_5938469,WP_006044931.1,MLDKITIIGIAGGTGSGKTTVVRKVVETLPPHYVAVVPLD
PCLA_5938469,WP_004331310.1,MKHKPIIIGVAGGTASGKSTLVRRLQETFIDEDVVVLSHD
PCLA_5938469,WP_008122177.1,MFPLEFNHKITVIGIAGGTGSGKTTVVRKLVEALPPAYVA
PCLA_5938469,WP_020613704.1,MEDIRVIAIGGGSGSGKTTIVRKISEIVPDFNFIPQDNYY
PCLA_5938469,WP_007366811.1,MKDKTTIIGIAGGTGSGKTTVVKKIVKSLPPHYVAVVPLD
PCLA_5983052,WP_017972701.1,MAHYPVVLSGAEASTLMWAPEDEIEAAALEQLRNISALPW
PCLA_5938469,WP_014613750.1,MATTIIGIAGGSGSGKTSVTNKIMNNLEGHSVALIEQDYY
PCLA_5938469,WP_019159483.1,MGAIAVGVAGGTGSGKTTLTRALLDRFGNRSTVLFMDNYY
PCLA_5983052,WP_010063970.1,MSYVEVPGAKVPIRMWTDPASVEDVAMQQLRNVSTLPWIK
PCLA_5983052,WP_013115266.1,MTTTTFPVELRGTAAPTLMWAHEHDVEQAALQQLRNIAAL
PCLA_5983052,WP_018733887.1,MTYAVLPSTRAPVRVWTDPYSIKPQAAQQLRNIGTLPWVQ
PCLA_5983052,WP_007035092.1,MYTAVEGSRVPIRMWADPASVEDQAMRQLHNVANLPWVHG
PCLA_5983052,WP_016951016.1,MPYEQLGITTPHPVLSWANHSLGSDETKMAKNVASLPFVF
PCLA_5983052,WP_009148229.1,MPIRQVFTEGEKPVKVWTDDIDARSQAQLINISRLPFIHK
PCLA_5938469,WP_017724641.1,MKSTTIIGIAGGSGSGKTSVTNEIMKNLEGHSVALLAQDY
PCLA_5938469,WP_019543044.1,MTKEREADTAIGMKTSKKTGMETRAAGRATTIIGIAGGTG
PCLA_5983052,WP_013196890.1,MGIQKILNEEALYGVPVKIFTQDIDSESIEQLKKMAQLQF
PCLA_5983052,WP_014046618.1,MSYVEVPGAKVPIRMWADPASVEDVAMRQLRNVATLPWIK
PCLA_5938469,WP_002448951.1,MTQTTIIGIAGGSGSGKTTVTNEIMKNLEGHSVALLAQDY
PCLA_5983052,WP_013019665.1,MSFQELDGNGAPIRLWADPASIEEQALAQLRNVAALPWVS
PCLA_5983052,WP_005286329.1,MSVVEQINQQAQFEQEQQQRAYQVLKNETSMPVKMWTNGV
PCLA_5938469,WP_011275606.1,MANTTIIGIAGGSGSGKTTVTNEIMKNLEGHSVALLAQDY
PCLA_5938469,WP_016898206.1,MNQTTIIGIAGGSGSGKTTVTNEIMKNLEGHSVALLAQDY
PCLA_5938469,WP_012063601.1,MNRPIFIGITGGTGSGKSTVARAIFESLPEKNIAIIEQDS
PCLA_5938469,WP_006627440.1,MSKPIIIGIAGGSASGKTTISRTIQERFKERTSVVTIRQD
PCLA_5983052,WP_014909710.1,MPHTEVPGERVPIRMWADPDTVEPAAMEQLRNVTRMPWTH
PCLA_5938469,WP_009434544.1,MNDCPIIKKEIKSKKMKDKITIIGIAGGTGSGKTTVVKKI
PCLA_5938469,WP_000648616.1,MKATTIIGIAGGSGSGKTTVTNEIMKNLEGHNVALLAQDY
PCLA_5938469,WP_004384474.1,MNDSPIIKKEIKSNKMKDKITIIGIAGGTGSGKTTVVKKI
PCLA_5983052,WP_017541711.1,MPYTEAPGARVPIRMWTDPERVEPAAMDQLRNVTRMPWVH
PCLA_5983052,WP_015577624.1,MSYVEVPGAKVPIRMWADPASVEDVAMQQLRNVSTLPWIK
PCLA_5983052,WP_018014569.1,MEQQAYEVMQSEGVPIKSWTLGVPFEEGAKEQLRKLAGMP
PCLA_5938469,WP_008648370.1,MLIIGIAGGTGSGKTTVVRKIIESLPAGEVVLLPQDSYYK
PCLA_5938469,WP_004816236.1,MDTKIIAIAGGSASGKSSIVEYIKNYFSKDLYVIGHDNYY
PCLA_5938469,WP_007428223.1,MLIIGIAGGTGSGKSTVARAVVERLGSNKVTFISQDNYYK
PCLA_5983052,WP_006528525.1,MPYQELPLTTPNPILSWANHDLSPQEIAMAKNVASLPFVF
PCLA_5983052,WP_020503417.1,MPIKQVITEGEKPVKVWTDELEPYARMQLVNLSKLPFIHR
PCLA_5938469,WP_004327970.1,MNVTVIGVAGGTGSGKSTLVKRLQEAFKEEEVVTLCHDYY
PCLA_5983052,WP_020476595.1,MQFLGKATVPIQGWTEGVLVEEKALQQLLNVASLPFIHKH
PCLA_5983052,WP_013269027.1,MRGHDVIENPDHVPIKAWTRGVPIEDAALKQLKNVASLPF
PCLA_5938469,WP_018676068.1,MLVIGIAGGTGSGKTTVVNKILKNLSDKGVNVLSQDNYYH
PCLA_5938469,WP_009227346.1,MTSDITIIGIAGGTGSGKSTVVRKIVEALPPHHVAVVPLD
PCLA_5938469,WP_018668287.1,MLIIGIAGGTGSGKTTVVRKIVESLPAGEVVLLPQDSYYK
PCLA_5983052,WP_017389824.1,MGIQKILNEEALYGVPVKIFTQDIDSESIEQLKKMAQLQF
PCLA_5938469,WP_016419454.1,MLLIGITGGTGCGKTTVVNQIVQEIPPGEVSVISQDAYYR
PCLA_5938469,WP_013750357.1,MLIIGIGGGTGSGKTTVVDQIVSDLPEGQVTVISQDSYYK
PCLA_5983052,WP_012924169.1,MNVQYPVPLSGAKSSTLMWAQEHEVGAQALQQLRNIAALP
PCLA_5938469,WP_013265493.1,MKDKITIIGIAGGTGSGKTTVVKKIVESLPPHYVAVVPLD
PCLA_5983052,WP_018398536.1,MAAETLNLSTSKPVLSWAGHPLGPSETQMAKNVASLPFVF
PCLA_5983052,WP_016137161.1,MGIQKILNEEALYGVPVKIFTQDIDSESIEQLKKMAQLQF
PCLA_5938469,WP_008612657.1,MLIIGIAGGTGCGKTTVVNQIVNELPENEVGVISQDSYYN
PCLA_5983052,WP_010380476.1,MSRNYNVIENEGMATIKAWTKGVPFEEQAQQQLKNIASMP
PCLA_5938469,WP_004569971.1,MLIIGIAGGTGSGKTTVVNQIIKQLPTDEVCVISQDSYYN
PCLA_5938469,WP_009038112.1,MQKYWFCFKYTLKRMLIIGIAGGTGSGKTTVVRKIIESLP
PCLA_5938469,WP_012657155.1,MSKTTIIGIAGGSGSGKTSVTSKILKNLEGYSVALIEQDY
PCLA_5983052,WP_008262927.1,MSGYDVIEGSGAPIKAWTRGVPIEDAALKQLKNVASLPFI
PCLA_5938469,WP_018751713.1,MLIIGIAGGTGSGKTTVARSVISQLATDKITFISQDNYYK
PCLA_5938469,WP_006257147.1,MLIIGIAGGTGSGKTTVVQQIINELPETEVGVISQDSYYK
PCLA_5983052,WP_005294730.1,MSVVEQINQQAQFEQEQQQRAYQVLKNETSMPVKMWTNGV
PCLA_5938469,WP_007650336.1,MLIIGIAGGTGCGKTTVVNQILNQLPEGEVGVISQDSYYK
PCLA_5983052,WP_015890532.1,MFPVRLEGTTAPTLMWAEEQAIEQAALQQLRNMADLPWVH
PCLA_5983052,WP_009189964.1,MSYVEMPGAKVPIRMWTDPAAVEGAALQQLQNVATLPWIK
PCLA_5938469,WP_017498626.1,MLIIGLAGGTGSGKTTVVHQIMNELPDTEVGVISQDSYYK
PCLA_5983052,WP_013492892.1,MQTFPVALPGASASTLMWADPADVEPAAQEQLRNISALPW
PCLA_5983052,WP_006195842.1,MPYEKLEITTPSPVLSWANHPLASDETKMAKNVASLPFVF
PCLA_5938469,WP_015553255.1,MEPIIIGIAGGSGSGKSTFTNRLRQYFGDDVVVIYHDNYY
PCLA_5938469,WP_015532801.1,MNCFYICLVNAYIALIEMQKYSIWFKYTFKEMLIIGIAGG
PCLA_5983052,WP_018829227.1,MTYAVLPSTRAPVRVWTDPYSIEPQAAAQLRNIGILPWVQ
PCLA_5938469,WP_006314616.1,MKRPILIGITGGSGSGKSTVVRKIFSELPEEKIVIIEQDS
PCLA_5983052,WP_019928236.1,MFPVELRGTRAQTLMWAHEHEVEPAALRQLRNIAQLEWVH
PCLA_5983052,WP_017385598.1,MGIQKILNKEALYGVPVKIFTQDIDSESIEQLKKMAQLQF
PCLA_5938469,WP_012188379.1,MSAEQRPIVIGVAGGTGSGKTTVSQAILSRVGPSRIAFLQ
PCLA_5983052,WP_019856075.1,MTNYPVALSGAAAPTLMWAPEHEIEPAALDQLRNISALPW
PCLA_5983052,WP_017608596.1,MSYQEVPGTRVPIRMWAGPDDVDDQVMGQLRNISAVPWVH
PCLA_5983052,WP_006125439.1,MSYVEVPGAKVPIRMWTDPASVEDVAMQQLRNVSTLPWIK
PCLA_5983052,WP_017569755.1,MPYTEVPGERVPIRMWTAPDEVEAAAMEQLRNVTRVPWVH
PCLA_5983052,WP_019981002.1,MSYVEMPGAKVPIRMWTDPAAVEGAALQQLRNVATLPWIK
PCLA_5983052,WP_011960131.1,MGLQLILNENSKKGVPVKVYTQDIAQEAIQQLRNMAQLEF
PCLA_5938469,WP_002453378.1,MNQTTIIGIAGGSGSGKTTVTNEIMKNLEGHSVALLAQDY
PCLA_5938469,WP_002664190.1,MTIGIAGGTGSGKTTVVNNILQLLNTDEVNVLSQDNYYHD
PCLA_5983052,WP_020373553.1,MDNVKLWLAQDTPIEDKAREQIQAMSELPILAGHIAIMPD
PCLA_5983052,WP_018080453.1,MQVFQGARGGLIKAWIDGVAVEDQARKQLDNIAAMPFIHK
PCLA_5983052,WP_019383770.1,MAQLQFVYSHIAVMPDVHVGKGATVGSIIPTKHAIIPAAV
PCLA_5983052,WP_020559685.1,MPIQFMLNTGKVPVKVYTSDVDNASLTQLGNMAQLPFIHS
PCLA_5938469,WP_019469407.1,MKRTTIIGIAGGSGSGKTSVTNEIMKNLEGHSVALLAQDY
PCLA_5983052,WP_015198855.1,MAYEKLELSSPSPVLSWANHPLGSEETKMAKNVASLPFVF
PCLA_5983052,WP_007823518.1,MPYTELPGARVPIRMWADPAEVDPGALDQLRNTATLPWIA
PCLA_5938469,WP_002443212.1,MNQTTIIGIAGGSGSGKTTVTNEIMKELEGHSVALLAQDY
PCLA_5938469,WP_002556622.1,MAKIIGISGGSGSGKTTVVSKISEFIPEFVLISQDNYYKS
PCLA_5938469,WP_013187187.1,MLIIGIAGGTGCGKTTVVNQIIDQLATEDVAVISQDHYYK
PCLA_5983052,WP_020461451.1,MTPVHELAGATAPIWMWTPPQEVESAALDQLRTIAELPYV
PCLA_5938469,WP_013368919.1,MLIIGIAGGTGSGKSTVARAVVERLGSNKVTFISQDNYYK
PCLA_5983052,WP_020113800.1,MSYVEIPGAKVPIRMWTDPASVEEGALQQLRNVATLPWIK
PCLA_5983052,WP_019032012.1,MSYAILPGTRAPVHVWTDPHGIEPQAARQLRNIGTLPWVQ
PCLA_5983052,WP_011028892.1,MSYVEMPGAKVPIRMWADPATVEEGALQQLRNVATLPWIK
PCLA_5938469,WP_014653276.1,MAKIIGISGGSGSGKTTVVSKISEFIPEFVLISQDNYYKS
PCLA_5938469,WP_006775043.1,MKSVLIGIAGGTGSGKSTFTNRLKDAFHDDIAVLYHDNYY
PCLA_5983052,WP_009737619.1,MSPVATLGAAAHPIWLWTRPEEVESAALDQLRNVASLPYI
PCLA_5938469,WP_018359948.1,MQTTIIGVAGGSASGKSTLVTKLKQTFIEEQVVTLCHDYY
PCLA_5938469,WP_019034864.1,MKNKTLLIGISGGTGSGKSTVTKKLVELIKEENVAVIEED
PCLA_5983052,WP_009084517.1,MYTAVGGERVPIRMWADPASVEDQAMRQLRNVANLPWVHG
PCLA_5983052,WP_005269373.1,MGIQKILNAEAEYGVPVKIFTNDIDSESIEQLKKMAQLQF
PCLA_5983052,WP_009483008.1,MNTTSSQVTGARARPSFPQPLPGAENTVLWADLDAIEPSA
PCLA_5983052,WP_018091024.1,MSYVEVPGAQVPIRMWTDPATVEGVAMQQLRNVATLPWIK
PCLA_5938469,WP_007844751.1,MLVIGIAGGTGSGKTTVVDKILQQLDIEGMNILSQDNYYH
PCLA_5938469,WP_019386375.1,MLIIGIAGGTGCGKTTVVNQILNEQPEGEVGVISQDSYYL
PCLA_5983052,WP_015210075.1,MPYEKLEITTPTPVLSWANHSLGSDETKMAKNMASLPFVF
PCLA_5938469,WP_002490276.1,MNQTTIIGIAGGSGSGKTTVTNAIMKNLEGHSVALLAQDY
PCLA_5983052,WP_005476512.1,MWTDPASVEEGALQQLRNVATLPWIKGLAVMPDVHYGKGA
PCLA_5983052,WP_015181632.1,MPYEQLKISTSAPVLSWANHALGSEETKMAKNVASLPFVF
PCLA_5983052,WP_015099188.1,MTATTLSGARVDIRLWADPAEVEEQALRQLRNIASLPWAV
PCLA_5938469,WP_012421798.1,MVKIIGIAGGSGSGKTTIVNKISEVIPEFVLISQDNYYKS
PCLA_5938469,WP_000648618.1,MKATTIIGIAGGSGSGKTTVTNEIMKNLEGHSVALLAQDY
PCLA_5983052,WP_009556914.1,MPYEALKLATPTPVLSWANHDLGTEETKMAKNVASLPFVF
PCLA_5983052,WP_017394122.1,MGIQKILNEEALYGVPVKIFTQDIDSESIEQLKKMAQLQF
PCLA_5938469,WP_011195178.1,MPAPRAVIAIAGGTGSGKTTIANYISAAFPDDVALLPHDA
PCLA_5938469,WP_014083346.1,MLIIGIAGGTGSGKTTVVHQIMKKLPQTEVDIISQDSYYK
PCLA_5938469,WP_002510472.1,MTSTTIIGIAGGSGSGKTTVTNEIMKNLEGHSVALLAQDY
PCLA_5938469,WP_007364973.1,MKHKPIIIGVAGGTASGKSTLVRRLQETFVDEDVVVLSHD
PCLA_5983052,WP_020413769.1,MKPMPYEVMQAGGVPIKSWTLGVPFEDEAKAQLKNISQMP
PCLA_5983052,WP_018524999.1,MSYVEVPGAKVPIRMWTDPASVEDVAMQQLRNVATLPWIK
PCLA_5938469,WP_008021729.1,MQKYSIWFKYTFKEMLIIGIAGGTGSGKTTVVRKIIESLP
PCLA_5938469,WP_015900470.1,MNATTIIGIAGGSGSGKTSVTNEILHNLEGHSVALIAQDY
PCLA_5983052,WP_020422856.1,MFTAVEGARVPIRMWADPATVEDAAMRQLHNVANLPWVHG
PCLA_5938469,WP_007718863.1,MKHRMPVIIGIAGGTGSGKSTFTNRLKDEFKDQVTVIYHD
PCLA_5938469,WP_008467967.1,MLIIGLAGGTGSGKTTVVHQIMNELPDTEVGVISQDSYYK
PCLA_5938469,WP_011708725.1,MLIIGIAGGTGSGKTTVVNQITEELKHEEVDVISQDSYYQ
PCLA_5938469,WP_020211909.1,MLIIGIAGGTGSGKTTVVHQIMNQLPLTEVGIISQDHYYR
PCLA_5983052,WP_017533930.1,MPHTEVPGERVPIRMWADPDTVESAAMEQLRNVTRMPWTH
PCLA_5983052,WP_015160769.1,MTYQELEIDAPNPVLSWAGHDLAQAETKMAKNVASLPFVF
PCLA_5938469,WP_008882515.1,MAKIIGISGGSGSGKTTVVSKISEFIPEFVLISQDNYYKS
PCLA_5983052,WP_012892417.1,MTYNEVMGGRAPIRMWADPAEVEPEVMQQLRNVANLPWVQ
PCLA_5938469,WP_006972123.1,MVIGIAGGSGSGKSTVANALGSALPDGKVATLRHDSYYCD
PCLA_5983052,WP_019457116.1,MSVIEEINQQAQFEQKQQQRSYEVLQNGKSMPVKMWTKGV
PCLA_5938469,WP_009088536.1,MLVIGIAGGTGSGKTTVVNKILQQLNIEGVNVLSQDNYYL
PCLA_5983052,WP_016804647.1,MGIQKILNEEALYGVPVKIFTQDIDSESIEQLKKMAQLQF
PCLA_5938469,WP_009137432.1,MNTTVIGVAGGTGSGKSTLVRKLREAFAEEEVITLSHDYY
PCLA_5983052,WP_011165237.1,MIILSQIKHRWRKCNMPVLSNIKSAHVPVKIWSPDSEVES
PCLA_5938469,WP_019975421.1,METSKKIKKNNNTKMLVIGIAGGTGSGKTTVVNNILRDLN
PCLA_5938469,WP_006281797.1,MEDNVTIIGIAGGTGSGKTTVVKKIVEALPPHYVAVVPLD
PCLA_5938469,WP_008862466.1,MLIIGIAGGTGSGKTTVVRKIIESLPAGQTAVIPQDSYYW
PCLA_5983052,WP_018383595.1,MMVYVEVPGDKVPIRMWTDPATVEDQAMRQLRNVSTLPWI
PCLA_5983052,WP_019870695.1,MPIMTYAVLPSTRAPVRVWTDPYSIEPQAAQQLRNIGTLP
PCLA_5983052,WP_011904552.1,MTYAVLPHTRAPVRVWTDPHTIEPQAARQLRNIGTLPWVQ
PCLA_5983052,WP_012804185.1,MTSPERAQLPITLADTAAPVRMWLPPEEADSAAVAQLRNI
PCLA_5938469,WP_014776414.1,MKVTVIGVAGGTGSGKSTLVKRLQEAFEGDDVVTLCHDYY
PCLA_5983052,WP_009067924.1,MPYTELPGARVPIRMWADPAEVDPGALDQLRNTATLPWIA
PCLA_5983052,WP_016575560.1,MSYTEVPGAQVPIRMWADPATVEGVAMQQLRNVATLPWIE
PCLA_5938469,WP_005398664.1,MDKVTIIGVCGGSASGKTTIVNKLRKKYEDDLIILGHDFY
PCLA_5938469,WP_004379157.1,MFEDKTTIIGIAGGTGSGKTTVVKKIVEALPPHYVAVVPL
PCLA_5983052,WP_009457215.1,MPYEQLEISTPSPVLSWANHPLGSEEIKMAKNVASLPFVF
PCLA_5938469,WP_013361821.1,MLRPIFIGITGGTGSGKSTVVKTIIENIPPSDIAMIEQDA
PCLA_5983052,WP_009585917.1,MGIQMILNAKAEYGVPVKIYTTDVDEESLTQLRKMSQLQF
PCLA_5938469,WP_015537343.1,MNNLIIGIAGGSGSGKTTLALRLKERFGEDEVRLISHDSY
PCLA_5983052,WP_018802404.1,MSYAILPGTRAPVRVWTDPHGIEPQAARQLRNIGTLPWVQ
PCLA_5983052,WP_010351107.1,MSYVEMPGARVPIRMWTDPAAVEDVALQQLRNVSTLPWIK
PCLA_5983052,WP_008738536.1,MSYVEVPGAKVPIRMWTDPASVEAGAMQQLHNVATLPWIK
PCLA_5938469,WP_007567778.1,MIIIGIAGGTGSGKTTVVKSIVDSLSADEVALLPLDSYYN
PCLA_5983052,WP_019767137.1,MSRNAAKRRFSTKDLEEQTQGVECRKDSGVVDEIPGAYKP
PCLA_5938469,WP_013870513.1,MLIIGIAGGTGCGKTTVVEQIMNELPDGEVGIISQDSYYK
PCLA_5983052,WP_018807269.1,MSYAILPGTRAPVRVWTDPQAARQLRNIGTLPWVQGVAVM
PCLA_5938469,WP_002465289.1,MKATTIIGIAGGSGSGKTTVTNEIMKNLEGHSVALLEQDY
PCLA_5983052,WP_017395388.1,MGTQKILNADAQYGVPVKIFTRDIDQESIEQLKKMAQLQF
PCLA_5983052,WP_011522077.1,MTDSTYNVFAPASGVPIKAWTKGVPVEDQAKQQLMNVAQM
PCLA_5983052,WP_016640264.1,MSYVEIPGANVPIRMWADPKTLEGAAMQQLRNVATLPWIK
PCLA_5938469,WP_007173797.1,MDSKNSKITIIGIAGGTGSGKTTVVNKIVEALPPDHVVVV
PCLA_5983052,WP_012626022.1,MPYEKLNLSAPAPILSWANHNLGAEETQMAKNVAALPFVF
PCLA_5938469,WP_018526799.1,MARIIGITGGSGSGKTTIVRKISEIVGDFTFIPQDNYYRS
PCLA_5983052,WP_016541481.1,MGIQKILNADAQYGVPVKIFTTDIDSESIEQLKKMAQLQF
PCLA_5938469,WP_014066090.1,MGRPVVIGIAGGSGSGKTTVLRRIVEAFGPDQIAVLEHDA
PCLA_5983052,WP_014075422.1,MTETNFDFQHVEGGKPIKLWTRGVPVDEKAHEQLRKAARM
PCLA_5938469,WP_004628185.1,MKHAVLIGIAGGTGSGKTTLAKRLKTTFGDDVVLLCQDFY
PCLA_5983052,WP_016337909.1,MYTAVEGSRVPIRMWADPASVEDQAMRQLHNVANLPWVHG
PCLA_5983052,WP_012500512.1,MSYTKLSLQTAHPILSWANHEMSSEELTMLKNMANLPCVF
PCLA_5938469,WP_008760501.1,MLIIGIAGGTGSGKTTVVRKIIESLPVGEVVLLPQDSYYK
PCLA_5983052,WP_020678960.1,MQIMTYAVLPHTRAPVRVWTDPHTIEPQAARQLRNIGTLP
PCLA_5938469,WP_007285455.1,MKKDICIVGIAGGSASGKTTIVNNIKELFQNDIELISHDN
PCLA_5983052,WP_005275004.1,MSVVEQLNQQAQFEQEQQQRAYQVLKNETSMPVKMWTNGV
PCLA_5983052,WP_016468663.1,MSHVEMPGARVPIRMWTDPATVEDAALRQLQNVATLPWIK
PCLA_5983052,WP_015351007.1,MNQNPVNYEVLSDEAGRPIKAWTVGVPFEDEAKKQLRNVR
PCLA_5938469,WP_006783350.1,MNKPLIIGVAGGTASGKTSVSTILYDAFADRTITLLRQDD
PCLA_5983052,WP_012825503.1,MQAYEVFPTSNVPVKAWVRGVPVEDKARQQLENIAGLPFI
PCLA_5983052,WP_020394806.1,MTTTSNYEVLFEQGNAPIKAWTKGVAFDENSKQQLKNIAS
PCLA_5983052,WP_006272375.1,MQVFQGARGGLIKAWIDGVAVEDQARKQLDNIAAMPFIHK
PCLA_5983052,WP_018889432.1,MSYVEVAGAKVPIRMWTDPATVEDGAMQQLRNVATLPWIK
PCLA_5938469,WP_014709938.1,MHENITIIGIAGGTGSGKTTVVKKVVEALPPHHVAVVPLD
PCLA_5938469,WP_015894169.1,MKPLIIGIAGGTGSGKSTVARKVAEALPGASVAFLEMDAY
PCLA_5983052,WP_018819815.1,MQIMTYAVLPATRAPVRVWTDPYSIEPQAAQQLRNIGTLP
PCLA_5938469,WP_006571587.1,MNTMVIGIAGGTGSGKTTLTRHLVESFGGNISVVYHDNYY
PCLA_5938469,WP_014271614.1,MIKEVKIIGITGGSGSGKSTIVRKIAEVCSDFVFIAQDNY
PCLA_5938469,WP_016440441.1,MKTIIIGIAGGTGSGKSTFTRKLKKEFKDDVAVLYHDNYY
PCLA_5983052,WP_018745725.1,MTYAVLPSTRAPVRVWTDPYSIEPQAAQQLRNIGTLPWVQ
PCLA_5983052,WP_017661443.1,MPYQPLKFSTPTPILSWAKDDLSSQETQMAKNVAALPFVF
PCLA_5938469,WP_002678742.1,MLIIGITGGTGCGKTTVVNQIIKELSGEEVTVISQDSYYK
PCLA_5938469,WP_006795138.1,MLILGIAGGTGSGKTTVVDQMVHTYPDHEVNVISQDSYYK
PCLA_5938469,WP_008018512.1,MQKYSIWFKYTFKEMLIIGIAGGTGSGKTTVVRKIIESLP
PCLA_5983052,WP_017011052.1,MCTENYIEIKQDDKTTIKAWTKGVAFEDKARAQLDNIASM
PCLA_5983052,WP_015786642.1,MSVYTTIEGARTDIRLWTDPATVEDEALRQLHNVTTLPWI
PCLA_5983052,WP_018812212.1,MQIMTYAVLPATRAPVRVWTDPYSIEPQAAQQLRNIGTLP
PCLA_5938469,WP_018965854.1,MNTTIIGVAGGSASGKSTLVKKLCEAFVEEDVLVLCHDYY
PCLA_5938469,WP_008565264.1,MNSDLKKITIIGIAGGTGSGKTTVVRKIVEALPPHYVAVV
PCLA_5938469,WP_009235124.1,MQKTTIIGIAGGTGSGKTTVVKNIVNALPPHYVAVVPLDS
PCLA_5938469,WP_016989839.1,MLIIGIAGGTGSGKTTVVHQIMNELPETEVGIISQDSYYK
PCLA_5938469,WP_002655979.1,MAKIIGISGGSGSGKTTVVSKISEFIPEFVLISQDNYYKS
PCLA_5983052,WP_020472340.1,MQFLGKSTVPIQGWTEGVPVEEKALQQLRNVASLPFIHKH
PCLA_5938469,WP_006434027.1,MAKIIGISGGSGSGKTTVVSKISEFIPEFVLISQDNYYKS
PCLA_5983052,WP_017558967.1,MPYTEAPGARVPIRMWTDPERVEPAAMDQLRNVTRMPWVH
PCLA_5983052,WP_018728962.1,MPIMTYAVLPSTRAPVRVWTDPYSIEPQAAAQLRNIGTLP
PCLA_5983052,WP_016137568.1,MSVIEEINQQAQFEQKQQQLSYQVLQNEKSMPVKMWTKGV
PCLA_5938469,WP_014517478.1,MLMMLMMIIGITGGSGAGKTTLTQNIKEIFGEDVSVICQD
PCLA_5983052,WP_017392468.1,MGIQKLLNEEALYGVPVKIFTQDIDSESIEQLKKMAQLQF
PCLA_5938469,WP_006254069.1,MIIGIAGGTGSGKSTVVRKIIAQLPAEQVSVLPQDSYYKR
PCLA_5983052,WP_018588960.1,MSYAILPGTRAPVRVWTDPHGIEPQAARQLRNIGTLPWVQ
PCLA_5983052,WP_013941536.1,MSRDNGNYEVLSDEAGRPIKAWTVGVPFEDEAKKQLRNLR
PCLA_5938469,WP_004296928.1,MQKYSIWFKYTFKEMLIIGIAGGTGSGKTTVVRKIIESLP
PCLA_5983052,WP_005436521.1,MAAFSIIGREGSVPVHVWAKTLDDKSREQLLNTASLPFVF
PCLA_5938469,WP_002488001.1,MTQTTIIGIAGGSGSGKTTVTNEIMKNLEGHSVALLAQDY
PCLA_5983052,WP_016655128.1,MGIKMILNAKAVYGVPVKIFTTDVDEQSLTQLRKMAQLEF
PCLA_5938469,WP_009199277.1,MEGRVMASLTVGVAGGTGSGKTTLTRKLVERFPGKSSVVF
PCLA_5938469,WP_002471075.1,MSGTTIIGIAGGSGSGKTSVTSEIMSLLEGYSIALIAQDY
PCLA_5983052,WP_011291791.1,MAYTEVSGNRVPIRMWTDPNTVEPQAMAQLYNVTKLPWIH
PCLA_5938469,WP_007575161.1,MKDNPTIIGIAGGTGSGKTTVVKKIVEALPPDYVAVVPLD
PCLA_5938469,WP_002455260.1,MTQTTIIGIAGGSGSGKTTVTNEIMKNLEGHSVALLAQDY
PCLA_5983052,WP_017948676.1,MSYVEVAGAKVPIRMWTDPATVEDGAMQQLRNVATLPWIK
PCLA_5938469,WP_006546264.1,MKRPLVIGIAGGTGSGKTTLTRELSRRFSEDVTVLYHDNY
PCLA_5983052,WP_006591857.1,MNELGRERSEHQPYPVPLSGAENTWMWAHEADIEEGAQRQ
PCLA_5983052,WP_018656493.1,MPFQTLKGGRVPIRMWTDPATVEDVALEQLRNVSDLPWIE
PCLA_5938469,WP_009261675.1,MKTIIIGIAGGTGSGKSTFTRKLKKEFKDDVAVLYHDNYY
PCLA_5938469,WP_013444714.1,MLIIGIAGGTGSGKSTVVRKILERLPQGEVVILPQDSYYR
PCLA_5983052,WP_018792257.1,MSYAILPGTRAPVRVWTDPHGIEPQAARQLRNIGTLPWVQ
PCLA_5983052,WP_007490842.1,MSYVEMPGAKVPIRLWADPATIEQSALQQLRNVATLPWIE
PCLA_5938469,WP_019190673.1,MEVKDWQRPYVIGVAGGSASGKTTIVRKLRETFGDDLALI
PCLA_5983052,WP_018895839.1,MAYQEIPGARVPIRMWADPAGVEEAAMRQLQNVATLPWIK
PCLA_5983052,WP_012623446.1,MFPVEMRGTARPVHLWAHEHEVEPAALQQLRNIASMEWVH
PCLA_5938469,WP_004337739.1,MEKTTIIGIAGGTGSGKSTVVRKIVEALPPDYVAVVPLDS
PCLA_5983052,WP_006543881.1,MAPVDELAGAAAPIWMWTHPHEVESAALDQLRTIADLPYV
PCLA_5938469,WP_020008504.1,MKKPTIIGIAGGSGSGKTSVTRKIMEALDEHSVALIEQDY
PCLA_5983052,WP_010693311.1,MYAAVEGARVPIRMWADPQSVEDAAMRQLHNVANLPWVHG
PCLA_5938469,WP_013619826.1,MLIIGIAGGTGCGKTTVVNQIINELPDDEVCVISQDSYYN
PCLA_5938469,WP_015480858.1,MLIIGIAGGTGSGKTTVVNQIVKELPTDEVCVISQDSYYK
PCLA_5938469,WP_010883373.1,MLMMLMMIIGITGGSGAGKTTLTQNIKEIFGEDVSVICQD
PCLA_5938469,WP_008688724.1,MKKTIVIGIAGGSASGKTSISQQLKDRYENTQSVVIIRQD
PCLA_5938469,WP_019914228.1,MLIIGIAGGTGSGKTTVARSVIDRLGTDKVTFISQDNYYK
PCLA_5983052,WP_011207899.1,MFPVELSGARARTLMWAHEDEIEAAALQQLRNIARLDWVH
PCLA_5983052,WP_006515490.1,MPYQPVPFKTNKPVLSWANHDLGSKEIQMAKNVASLPFVY
PCLA_5938469,WP_018977976.1,MLIIGIAGGTGSGKTTVAKSVIDRLGAGKVTFISQDNYYK
PCLA_5983052,WP_014846706.1,MSIYPVSLSGTVNTLMWADETGIEEPAIRQLRNVSALPWT
PCLA_5938469,WP_014117227.1,MDTILIGVAGGTGSGKTTLTHHLKDHFGEDVTVIGHDSYY
PCLA_5983052,WP_015034373.1,MSYVEVPGAKVPIRMWTDPSTVEGGAMQQLQNVATLPWIK
